date,open,high,low,close,volume,hma,sma,hma_signal,sma_signal
2024-02-19 09:12:00+05:30,405.0,407.25,404.6,407.25,481614,407.25,,False,False
2024-02-19 09:20:00+05:30,406.95,407.35,406.2,406.65,456062,406.9125,,False,False
2024-02-19 09:28:00+05:30,406.55,408.25,406.35,408.15,717313,407.4318652849741,,False,False
2024-02-19 09:36:00+05:30,408.25,411.4,407.95,411.1,1050397,408.71747596153847,,False,False
2024-02-19 09:44:00+05:30,411.4,411.45,409.1,410.3,1112073,409.2090691728612,,False,False
2024-02-19 09:52:00+05:30,410.2,410.75,410.0,410.2,931039,409.4918850533602,,False,False
2024-02-19 10:00:00+05:30,410.2,411.1,410.0,410.9,735715,409.86988429636017,,False,False
2024-02-19 10:08:00+05:30,410.85,411.0,410.15,410.95,204528,410.14702452556094,409.4375,False,False
2024-02-19 10:16:00+05:30,410.9,411.0,410.0,410.15,196795,410.1477626220182,409.8,False,False
2024-02-19 10:24:00+05:30,410.15,410.9,410.05,410.5,214086,410.2329379098874,410.28125,False,False
2024-02-19 10:32:00+05:30,410.5,410.9,410.0,410.8,330193,410.36742581720273,410.6125,False,False
2024-02-19 10:40:00+05:30,410.8,410.8,410.2,410.35,219810,410.3633538549346,410.51874999999995,False,True
2024-02-19 10:48:00+05:30,410.1,411.25,410.0,411.25,445378,410.56819429181564,410.63750000000005,False,False
2024-02-19 10:56:00+05:30,411.2,411.8,410.6,410.95,424451,410.6556322582891,410.73125,False,False
2024-02-19 11:04:00+05:30,410.95,412.45,410.9,411.9,562465,410.93868522868246,410.85625,False,False
2024-02-19 11:12:00+05:30,411.9,412.5,411.35,411.45,516665,411.0543857608674,410.91875,False,False
2024-02-19 11:20:00+05:30,411.5,411.5,410.1,410.5,387107,410.9294461385329,410.9625,False,True
2024-02-19 11:28:00+05:30,410.5,410.65,410.0,410.25,439583,410.77680203433505,410.93125,False,False
2024-02-19 11:36:00+05:30,410.25,410.85,410.1,410.5,203524,410.7147670007819,410.89375,False,False
2024-02-19 11:44:00+05:30,410.5,410.8,410.0,410.15,259045,410.5884340842302,410.86875000000003,False,False
2024-02-19 11:52:00+05:30,410.2,410.85,410.05,410.8,208441,410.63568995696534,410.81249999999994,False,False
2024-02-19 12:00:00+05:30,410.8,410.9,410.25,410.55,114752,410.6165718399349,410.7625,False,False
2024-02-19 12:08:00+05:30,410.45,410.65,410.15,410.2,169001,410.5237135736816,410.54999999999995,False,False
2024-02-19 12:16:00+05:30,410.2,410.65,410.0,410.25,351567,410.4627418946919,410.4,False,False
2024-02-19 12:24:00+05:30,410.15,410.7,410.1,410.25,143959,410.4153774389695,410.36875,False,False
2024-02-19 12:32:00+05:30,410.25,410.5,410.1,410.45,102402,410.42308253636475,410.39375,False,False
2024-02-19 12:40:00+05:30,410.35,411.45,410.35,411.25,234258,410.60704986580623,410.4875,False,False
2024-02-19 12:48:00+05:30,411.25,411.5,411.05,411.25,163673,410.7500533636335,410.625,False,False
2024-02-19 12:56:00+05:30,411.25,411.5,411.0,411.2,150679,410.85010990501235,410.675,False,False
2024-02-19 13:04:00+05:30,411.2,411.85,411.05,411.55,169773,411.005723776986,410.8,False,False
2024-02-19 13:12:00+05:30,411.6,412.75,411.3,411.8,468850,411.1823026274,411.0,False,False
2024-02-19 13:20:00+05:30,411.65,411.95,411.05,411.3,248118,411.2084660144149,411.13125,False,False
2024-02-19 13:28:00+05:30,411.4,411.4,410.5,411.0,350937,411.16212864128573,411.225,False,True
2024-02-19 13:36:00+05:30,410.9,411.05,410.3,411.0,191062,411.12609304269057,411.29375,False,False
2024-02-19 13:44:00+05:30,411.0,411.35,410.8,410.95,277370,411.0869553324635,411.25624999999997,False,False
2024-02-19 13:52:00+05:30,411.0,411.3,410.8,410.95,179268,411.05651723138703,411.21875,False,False
2024-02-19 14:00:00+05:30,411.0,411.2,410.9,411.15,218986,411.0772930819805,411.2125,False,False
2024-02-19 14:08:00+05:30,411.15,411.2,410.75,410.9,182884,411.03789181375294,411.13124999999997,False,False
2024-02-19 14:16:00+05:30,410.95,411.3,410.65,411.2,272432,411.07391785032155,411.05625000000003,False,False
2024-02-19 14:24:00+05:30,411.2,411.85,411.05,411.1,308082,411.07971413325606,411.03125,False,False
2024-02-19 14:32:00+05:30,411.1,411.5,410.15,410.25,314274,410.8953270373326,410.9375,False,True
2024-02-19 14:40:00+05:30,410.2,410.3,409.45,409.8,415109,410.6519146863259,410.7875,False,False
2024-02-19 14:48:00+05:30,409.85,410.25,409.1,409.85,337139,410.4737078109929,410.65000000000003,False,False
2024-02-19 14:56:00+05:30,409.75,410.0,409.3,409.45,257643,410.2462136002997,410.4625,False,False
2024-02-19 15:04:00+05:30,409.4,409.7,408.9,409.05,316456,409.98038509666816,410.20000000000005,False,False
2024-02-19 15:12:00+05:30,409.1,409.65,409.0,409.2,347612,409.806964532604,409.9875,False,False
2024-02-19 15:20:00+05:30,409.3,409.9,409.0,409.5,350015,409.73874968609726,409.775,False,False
2024-02-19 15:28:00+05:30,409.4,409.7,408.85,409.7,170743,409.7301385950689,409.6,False,False
2024-02-20 09:12:00+05:30,410.45,410.45,407.55,407.95,288331,409.3345504657486,409.3125,False,True
2024-02-20 09:20:00+05:30,407.95,409.35,407.5,409.15,569114,409.2935391080243,409.23125,False,False
2024-02-20 09:28:00+05:30,409.15,409.25,408.0,408.0,447053,409.006085192718,409.0,False,False
2024-02-20 09:36:00+05:30,408.05,408.5,408.0,408.5,252047,408.89362157914815,408.88125,False,False
2024-02-20 09:44:00+05:30,408.5,408.5,407.0,407.15,600170,408.5061494809301,408.64374999999995,False,False
2024-02-20 09:52:00+05:30,407.15,407.3,407.0,407.05,749763,408.1825602941593,408.375,False,False
2024-02-20 10:00:00+05:30,407.0,407.15,406.3,407.0,1150566,407.9197688566645,408.0625,False,False
2024-02-20 10:08:00+05:30,406.85,407.15,406.05,407.0,696067,407.7153756195079,407.725,False,False
2024-02-20 10:16:00+05:30,407.0,408.0,406.7,407.5,270663,407.66751434197096,407.66875,False,False
2024-02-20 10:24:00+05:30,407.5,408.15,407.4,407.6,219396,407.65251114785497,407.47499999999997,False,False
2024-02-20 10:32:00+05:30,407.6,407.75,407.05,407.25,577365,407.56306419359754,407.38124999999997,False,True
2024-02-20 10:40:00+05:30,407.25,407.3,406.25,406.45,132023,407.31571652509416,407.125,False,False
2024-02-20 10:48:00+05:30,406.45,406.5,405.6,405.65,234246,406.9455572159045,406.9375,False,False
2024-02-20 10:56:00+05:30,405.6,405.95,405.25,405.9,188806,406.7132111281903,406.79375,False,False
2024-02-20 11:04:00+05:30,405.9,406.0,405.7,405.75,138441,406.49916418234335,406.6375,False,False
2024-02-20 11:12:00+05:30,405.8,405.95,405.6,405.9,130028,406.36601657249213,406.5,False,False
2024-02-20 11:20:00+05:30,405.9,406.65,405.8,406.55,152832,406.4069017818948,406.38125,False,False
2024-02-20 11:28:00+05:30,406.55,406.85,406.2,406.6,214775,406.4498124997148,406.25625,False,False
2024-02-20 11:36:00+05:30,406.5,406.75,406.2,406.5,128173,406.4609652780988,406.1625,False,False
2024-02-20 11:44:00+05:30,406.45,406.55,405.7,405.9,157696,406.33630632269063,406.09375,False,True
2024-02-20 11:52:00+05:30,405.75,406.45,405.7,406.2,150324,406.30601602786743,406.1625,False,False
2024-02-20 12:00:00+05:30,406.2,406.85,406.05,406.8,191506,406.41579024641095,406.275,False,False
2024-02-20 12:08:00+05:30,406.8,406.9,406.45,406.7,188931,406.47894797055585,406.39375,False,False
2024-02-20 12:16:00+05:30,406.45,406.85,406.25,406.5,152243,406.48362619938604,406.46875,False,False
2024-02-20 12:24:00+05:30,406.4,406.85,406.4,406.8,149158,406.553931489169,406.5,False,False
2024-02-20 12:32:00+05:30,406.8,406.8,406.4,406.7,124177,406.58639115851463,406.5125,False,False
2024-02-20 12:40:00+05:30,406.7,406.75,406.3,406.55,139081,406.57830423434757,406.51874999999995,False,False
2024-02-20 12:48:00+05:30,406.3,406.7,406.2,406.25,156194,406.505347737456,406.5625,False,True
2024-02-20 12:56:00+05:30,406.2,406.45,405.75,405.85,243686,406.35971490633597,406.51875,False,False
2024-02-20 13:04:00+05:30,405.8,406.4,405.65,406.2,240667,406.32422270481914,406.44375,False,False
2024-02-20 13:12:00+05:30,406.4,406.4,405.3,405.35,208930,406.1077287698984,406.275,False,False
2024-02-20 13:20:00+05:30,405.4,406.3,405.35,406.25,218000,406.1393445988685,406.24375,False,False
2024-02-20 13:28:00+05:30,406.2,406.45,405.95,406.05,192642,406.1194902435358,406.15,False,True
2024-02-20 13:36:00+05:30,406.2,406.2,405.55,405.75,172326,406.0373813004357,406.03125,False,False
2024-02-20 13:44:00+05:30,405.85,405.95,405.5,405.75,181039,405.973518789172,405.93125,False,False
2024-02-20 13:52:00+05:30,405.75,405.9,405.35,405.45,175596,405.8571812803881,405.83124999999995,False,False
2024-02-20 14:00:00+05:30,405.45,405.5,404.3,404.7,571249,405.60002988461054,405.6875,False,False
2024-02-20 14:08:00+05:30,404.65,405.45,404.4,405.25,166184,405.5222454657762,405.56875,False,False
2024-02-20 14:16:00+05:30,405.3,405.8,405.05,405.65,125026,405.5506353622794,405.60625000000005,False,False
2024-02-20 14:24:00+05:30,405.55,405.8,405.4,405.6,124985,405.56160528177554,405.52500000000003,False,False
2024-02-20 14:32:00+05:30,405.65,405.8,405.3,405.45,187181,405.53680410804293,405.45,False,False
2024-02-20 14:40:00+05:30,405.45,406.35,405.3,406.1,349784,405.6619587507188,405.49375,False,False
2024-02-20 14:48:00+05:30,406.05,406.15,405.55,405.65,258496,405.65930125055877,405.48125,False,False
2024-02-20 14:56:00+05:30,405.75,405.9,405.3,405.85,397038,405.7016787504385,405.53125,False,False
2024-02-20 15:04:00+05:30,405.85,406.4,405.7,406.25,417528,405.82352791701635,405.72499999999997,False,False
2024-02-20 15:12:00+05:30,406.25,406.5,405.95,406.0,600248,405.8627439354593,405.81874999999997,False,False
2024-02-20 15:20:00+05:30,406.0,406.4,405.95,406.25,579244,405.9488008386943,405.89374999999995,False,False
2024-02-20 15:28:00+05:30,406.25,406.7,406.05,406.7,95224,406.1157339856567,406.03125,False,False
2024-02-21 09:12:00+05:30,407.0,407.8,406.25,406.75,766363,406.2566819888477,406.19375,False,False
2024-02-21 09:20:00+05:30,406.75,406.95,406.0,406.55,440164,406.321863769105,406.25,False,False
2024-02-21 09:28:00+05:30,406.55,407.35,406.2,407.15,774224,406.50589404264014,406.4375,False,False
2024-02-21 09:36:00+05:30,407.2,407.7,406.5,407.4,501009,406.7045842553891,406.63125,False,False
2024-02-21 09:44:00+05:30,407.5,407.5,406.9,407.05,633593,406.78134330974785,406.73125000000005,False,False
2024-02-21 09:52:00+05:30,407.05,408.7,407.0,408.55,1015236,407.1743781298067,407.05,False,False
2024-02-21 10:00:00+05:30,408.45,408.5,407.4,407.65,449046,407.28007187873914,407.225,False,False
2024-02-21 10:08:00+05:30,407.65,410.1,407.55,409.55,1020926,407.7845003501327,407.58124999999995,False,False
2024-02-21 10:16:00+05:30,409.6,409.8,408.15,408.55,466284,407.95461138343705,407.80625,False,False
2024-02-21 10:24:00+05:30,408.55,408.75,407.5,407.85,183613,407.93136440933995,407.96875,False,True
2024-02-21 10:32:00+05:30,407.85,407.95,406.85,407.1,286288,407.74661676281954,407.96250000000003,False,False
2024-02-21 10:40:00+05:30,407.0,407.9,406.55,407.05,192022,407.59181303774824,407.91875,False,False
2024-02-21 10:48:00+05:30,407.05,407.5,406.75,407.3,263527,407.52696569602637,407.95000000000005,False,False
2024-02-21 10:56:00+05:30,407.35,408.1,407.15,407.2,374073,407.45430665246494,407.78125,False,False
2024-02-21 11:04:00+05:30,407.3,407.85,407.0,407.8,263649,407.5311273963617,407.8,False,False
2024-02-21 11:12:00+05:30,407.8,408.2,407.35,407.5,220774,407.5242101971702,407.54375000000005,False,False
2024-02-21 11:20:00+05:30,407.5,407.85,407.25,407.45,146216,407.5077190422435,407.40625,False,False
2024-02-21 11:28:00+05:30,407.35,407.8,407.2,407.65,148833,407.5393370328561,407.38125,False,False
2024-02-21 11:36:00+05:30,407.6,407.9,407.2,407.85,433331,407.6083732477771,407.47499999999997,False,False
2024-02-21 11:44:00+05:30,407.85,407.95,407.5,407.8,170545,407.6509569704933,407.56875,False,False
2024-02-21 11:52:00+05:30,407.8,408.7,407.6,408.35,323443,407.8062998659393,407.7,False,False
2024-02-21 12:00:00+05:30,408.25,408.45,407.5,407.5,322012,407.73823322906384,407.7375,False,True
2024-02-21 12:08:00+05:30,407.5,407.75,407.3,407.6,150279,407.7075147337164,407.7125,False,False
2024-02-21 12:16:00+05:30,407.6,407.85,407.4,407.5,246015,407.6614003484461,407.7125,False,False
2024-02-21 12:24:00+05:30,407.45,407.85,407.35,407.35,295585,407.59220027101355,407.70000000000005,False,False
2024-02-21 12:32:00+05:30,407.35,407.5,407.0,407.0,193992,407.4606002107883,407.61875000000003,False,False
2024-02-21 12:40:00+05:30,407.0,407.25,406.85,406.95,369697,407.34713349727974,407.50625,False,False
2024-02-21 12:48:00+05:30,407.0,408.05,406.9,407.5,726925,407.3811038312176,407.46875,False,False
2024-02-21 12:56:00+05:30,407.4,407.55,406.8,406.85,160846,407.2630807576137,407.28125,False,True
2024-02-21 13:04:00+05:30,407.0,407.15,406.7,407.05,159261,407.215729478144,407.225,False,False
2024-02-21 13:12:00+05:30,407.05,407.65,407.0,407.35,901721,407.24556737188976,407.19375,False,False
2024-02-21 13:20:00+05:30,407.4,407.5,406.75,406.85,174338,407.15766351146976,407.1125,False,True
2024-02-21 13:28:00+05:30,406.85,406.85,406.0,406.05,353527,406.9115160644765,406.95,False,False
2024-02-21 13:36:00+05:30,406.1,406.45,406.0,406.0,235192,406.7089569390372,406.825,False,False
2024-02-21 13:44:00+05:30,406.0,406.15,405.0,405.1,419796,406.35141095258456,406.59375,False,False
2024-02-21 13:52:00+05:30,405.15,405.3,404.15,404.65,350136,405.973319629788,406.2375,False,False
2024-02-21 14:00:00+05:30,404.65,405.25,404.0,405.1,272323,405.7792486009463,406.01875,False,False
2024-02-21 14:08:00+05:30,405.1,405.1,404.0,404.0,246926,405.3838600229582,405.6375,False,False
2024-02-21 14:16:00+05:30,404.05,404.45,402.6,402.6,427233,404.76522446230086,405.04375000000005,False,False
2024-02-21 14:24:00+05:30,402.55,403.0,402.2,402.55,353048,404.27295235956734,404.50625,False,False
2024-02-21 14:32:00+05:30,402.55,402.8,401.75,401.8,441732,403.7234073907746,403.975,False,False
2024-02-21 14:40:00+05:30,401.8,402.4,401.3,402.4,431798,403.4293168594912,403.525,False,False
2024-02-21 14:48:00+05:30,402.4,403.45,402.1,402.25,313039,403.16724644627095,403.16875000000005,False,False
2024-02-21 14:56:00+05:30,402.3,403.65,402.05,403.65,447323,403.27452501376627,403.04375,False,False
2024-02-21 15:04:00+05:30,403.65,404.6,403.6,404.35,621116,403.5135194551516,402.95000000000005,False,False
2024-02-21 15:12:00+05:30,404.3,404.55,403.25,403.3,620250,403.46607068734016,402.8625,False,False
2024-02-21 15:20:00+05:30,403.25,403.45,401.9,402.2,826201,403.1847216457091,402.8125,False,True
2024-02-21 15:28:00+05:30,402.2,402.75,402.0,402.75,208376,403.0881168355516,402.8375,False,False
2024-02-22 09:12:00+05:30,406.9,406.9,404.0,405.45,615885,403.6129797609846,403.29375,False,False
2024-02-22 09:20:00+05:30,405.25,405.65,404.4,404.75,409627,403.86565092521033,403.5875,False,False
2024-02-22 09:28:00+05:30,404.75,404.9,403.45,404.3,744312,403.96217294183026,403.84375,False,False
2024-02-22 09:36:00+05:30,404.2,406.45,404.05,406.35,702376,404.4928011769792,404.18125000000003,False,False
2024-02-22 09:44:00+05:30,406.5,407.6,406.2,406.85,579714,405.01662313765047,404.49375000000003,False,False
2024-02-22 09:52:00+05:30,406.65,406.85,405.4,405.8,643334,405.1907068848393,404.80625000000003,False,False
2024-02-22 10:00:00+05:30,405.7,406.3,404.25,405.5,1021149,405.2594386882084,405.21875,False,False
2024-02-22 10:08:00+05:30,405.55,405.95,405.0,405.6,405595,405.3351189797177,405.575,False,False
2024-02-22 10:16:00+05:30,405.8,405.9,405.15,405.2,326437,405.30509253978045,405.54375,False,True
2024-02-22 10:24:00+05:30,405.05,406.5,405.0,406.2,402572,405.5039608642737,405.725,False,False
2024-02-22 10:32:00+05:30,406.45,406.75,405.9,406.15,239995,405.6475251166574,405.95624999999995,False,False
2024-02-22 10:40:00+05:30,406.15,406.75,406.05,406.55,202923,405.8480750907336,405.98125,False,False
2024-02-22 10:48:00+05:30,406.7,406.85,406.25,406.3,256068,405.94850284834837,405.9125,False,False
2024-02-22 10:56:00+05:30,406.45,406.5,405.45,405.8,283570,405.9155022153821,405.91249999999997,False,True
2024-02-22 11:04:00+05:30,405.7,406.9,405.3,406.85,278108,406.12316838974164,406.08124999999995,False,False
2024-02-22 11:12:00+05:30,406.8,406.85,405.85,406.45,158466,406.1957976364658,406.1875,False,False
2024-02-22 11:20:00+05:30,406.4,406.55,405.95,406.35,166945,406.2300648283623,406.33125,False,False
2024-02-22 11:28:00+05:30,406.35,406.7,406.0,406.25,144629,406.234494866504,406.3375,False,True
2024-02-22 11:36:00+05:30,406.35,407.75,406.3,407.7,356418,406.5601626739476,406.53125,False,False
2024-02-22 11:44:00+05:30,407.65,408.2,407.3,407.5,250344,406.7690154130704,406.65,False,False
2024-02-22 11:52:00+05:30,407.55,407.9,407.45,407.8,101703,406.9981230990548,406.8375,False,False
2024-02-22 12:00:00+05:30,407.75,407.95,406.75,407.15,152128,407.03187352148706,407.00625,False,False
2024-02-22 12:08:00+05:30,407.1,407.6,406.95,407.25,127577,407.08034607226773,407.05625,False,False
2024-02-22 12:16:00+05:30,407.25,407.35,406.05,406.25,130362,406.895824722875,407.03125,False,True
2024-02-22 12:24:00+05:30,406.25,407.0,406.0,407.0,174366,406.9189747844583,407.1125,False,False
2024-02-22 12:32:00+05:30,406.85,407.45,406.65,407.05,135916,406.9480914990232,407.2125,False,False
2024-02-22 12:40:00+05:30,407.05,407.4,406.85,407.2,69592,407.00407116590696,407.15000000000003,False,False
2024-02-22 12:48:00+05:30,407.3,407.4,406.75,406.95,84369,406.992055351261,407.08124999999995,False,True
2024-02-22 12:56:00+05:30,406.95,407.5,406.8,407.45,67099,407.0938208287586,407.0375,False,False
2024-02-22 13:04:00+05:30,407.45,407.8,407.25,407.65,81564,407.2174162001456,407.09999999999997,False,False
2024-02-22 13:12:00+05:30,407.65,407.75,407.15,407.5,68397,407.28021260011326,407.13124999999997,False,False
2024-02-22 13:20:00+05:30,407.35,407.5,407.0,407.2,61705,407.2623875778659,407.25,False,True
2024-02-22 13:28:00+05:30,407.15,407.6,407.1,407.6,96325,407.3374125605624,407.325,False,False
2024-02-22 13:36:00+05:30,407.6,408.0,407.35,407.75,142561,407.42909865821525,407.4125,False,False
2024-02-22 13:44:00+05:30,407.7,408.25,407.25,407.85,206934,407.522632289723,407.49375,False,False
2024-02-22 13:52:00+05:30,407.85,409.05,407.8,408.7,418178,407.7842695586735,407.71250000000003,False,False
2024-02-22 14:00:00+05:30,408.9,409.35,408.6,408.9,418465,408.03220965674603,407.89374999999995,False,False
2024-02-22 14:08:00+05:30,408.85,409.75,408.85,409.45,281593,408.3472741774692,408.11875000000003,False,False
2024-02-22 14:16:00+05:30,409.45,409.9,409.25,409.75,359174,408.65899102692055,408.40000000000003,False,False
2024-02-22 14:24:00+05:30,409.65,410.0,409.55,409.8,394982,408.9125485764938,408.72499999999997,False,False
2024-02-22 14:32:00+05:30,409.8,411.5,409.7,411.5,614458,409.48753778171744,409.2125,False,False
2024-02-22 14:40:00+05:30,411.5,411.95,411.2,411.95,700119,410.0347516080025,409.7375,False,False
2024-02-22 14:48:00+05:30,411.95,413.75,411.8,413.6,1130694,410.8270290284465,410.45625,False,False
2024-02-22 14:56:00+05:30,413.55,414.65,412.75,413.95,1112439,411.52102257768064,411.11249999999995,False,False
2024-02-22 15:04:00+05:30,414.0,414.8,413.5,414.6,935366,412.20523978264055,411.82500000000005,False,False
2024-02-22 15:12:00+05:30,414.55,415.05,414.0,414.5,1252185,412.71518649760935,412.45625,False,False
2024-02-22 15:20:00+05:30,414.5,415.15,413.7,414.75,899237,413.1673672759184,413.08125,False,False
2024-02-22 15:28:00+05:30,414.75,415.05,414.45,414.95,149302,413.56350788126997,413.725,False,False
2024-02-23 09:12:00+05:30,415.9,415.9,413.25,413.95,749659,413.6493950187656,414.03125,False,True
2024-02-23 09:20:00+05:30,413.95,413.95,412.5,413.0,500272,413.50508501459547,414.16249999999997,False,False
2024-02-23 09:28:00+05:30,413.0,413.4,412.25,413.35,389074,413.47062167801874,414.13125,False,False
2024-02-23 09:36:00+05:30,413.2,415.0,413.1,414.1,440948,413.6104835273479,414.15000000000003,False,False
2024-02-23 09:44:00+05:30,414.0,414.05,412.7,413.25,286077,413.5303760768262,413.98125,False,False
2024-02-23 09:52:00+05:30,413.45,413.5,411.8,412.2,294803,413.23473694864265,413.69374999999997,False,False
2024-02-23 10:00:00+05:30,412.2,413.2,411.7,413.1,218742,413.2047954044999,413.48749999999995,False,False
2024-02-23 10:08:00+05:30,413.2,413.2,412.15,412.4,174185,413.0259519812778,413.16875,False,False
2024-02-23 10:16:00+05:30,412.3,413.25,412.3,413.05,168448,413.0312959854383,413.05625000000003,False,False
2024-02-23 10:24:00+05:30,413.05,413.65,412.5,413.6,215512,413.15767465534094,413.13125,False,False
2024-02-23 10:32:00+05:30,413.6,413.75,413.0,413.05,205798,413.1337469541541,413.09375,False,True
2024-02-23 10:40:00+05:30,413.15,413.15,412.55,412.75,122938,413.048469853231,412.925,False,False
2024-02-23 10:48:00+05:30,412.75,413.25,412.55,413.05,95556,413.0488098858463,412.9,False,False
2024-02-23 10:56:00+05:30,413.2,413.4,412.8,413.0,100130,413.0379632445472,413.0,False,False
2024-02-23 11:04:00+05:30,413.1,413.15,412.6,412.75,87014,412.9739714124256,412.95624999999995,False,False
2024-02-23 11:12:00+05:30,412.9,412.9,412.35,412.75,122989,412.9241999874422,413.0,False,False
2024-02-23 11:20:00+05:30,412.75,412.9,412.0,412.1,132835,412.7410444346773,412.88125,False,False
2024-02-23 11:28:00+05:30,412.1,412.7,411.8,412.7,260972,412.7319234491935,412.76875,False,False
2024-02-23 11:36:00+05:30,412.7,412.9,412.5,412.75,86853,412.7359404604839,412.73125,False,False
2024-02-23 11:44:00+05:30,412.55,412.9,412.5,412.9,132441,412.772398135932,412.75,False,False
2024-02-23 11:52:00+05:30,412.85,412.9,412.15,412.4,131301,412.68964299461385,412.66875000000005,False,True
2024-02-23 12:00:00+05:30,412.4,412.75,412.2,412.5,103974,412.64750010692194,412.60625000000005,False,False
2024-02-23 12:08:00+05:30,412.5,412.75,412.4,412.5,99112,412.6147223053838,412.57500000000005,False,False
2024-02-23 12:16:00+05:30,412.45,412.7,412.25,412.45,82082,412.5781173486319,412.5375,False,False
2024-02-23 12:24:00+05:30,412.45,412.7,412.0,412.0,192936,412.4496468267138,412.525,False,False
2024-02-23 12:32:00+05:30,412.2,412.6,411.85,412.5,251998,412.4608364207774,412.5,False,False
2024-02-23 12:40:00+05:30,412.5,412.9,412.15,412.85,290326,412.54731721616025,412.5125,False,False
2024-02-23 12:48:00+05:30,412.9,412.9,412.6,412.9,99217,412.6256911681247,412.5125,False,False
2024-02-23 12:56:00+05:30,412.9,413.45,412.75,413.05,233180,412.7199820196526,412.59375,False,False
2024-02-23 13:04:00+05:30,412.95,413.1,412.5,412.65,115709,412.7044304597298,412.61249999999995,False,False
2024-02-23 13:12:00+05:30,412.5,412.75,412.4,412.6,144146,412.68122369090105,412.625,False,True
2024-02-23 13:20:00+05:30,412.6,412.9,412.3,412.85,171511,412.7187295373675,412.675,False,False
2024-02-23 13:28:00+05:30,412.65,413.35,412.4,413.2,250706,412.8256785290636,412.825,False,False
2024-02-23 13:36:00+05:30,413.25,413.25,412.75,412.9,104858,412.842194411494,412.875,False,False
2024-02-23 13:44:00+05:30,412.85,413.15,412.65,413.0,155550,412.87726232005093,412.89375,False,False
2024-02-23 13:52:00+05:30,413.05,413.2,412.7,412.8,124693,412.8600929155952,412.88125,False,True
2024-02-23 14:00:00+05:30,412.85,413.0,412.5,412.65,155346,412.8134056010185,412.83124999999995,False,False
2024-02-23 14:08:00+05:30,412.5,412.75,412.1,412.6,156306,412.7659821341256,412.82500000000005,False,False
2024-02-23 14:16:00+05:30,412.6,413.1,412.5,412.95,135532,412.80687499320885,412.86875,False,False
2024-02-23 14:24:00+05:30,412.95,413.0,412.1,412.4,263811,412.7164583280513,412.8125,False,True
2024-02-23 14:32:00+05:30,412.4,412.55,411.9,412.4,290602,412.646134255151,412.7125,False,False
2024-02-23 14:40:00+05:30,412.3,412.45,411.3,411.65,250701,412.4247710873397,412.55625,False,False
2024-02-23 14:48:00+05:30,411.75,412.3,411.0,412.0,373199,412.3303775123753,412.43125,False,False
2024-02-23 14:56:00+05:30,412.0,412.5,411.6,412.0,348987,412.2569602874031,412.33124999999995,False,False
2024-02-23 15:04:00+05:30,412.05,412.1,411.3,411.5,413039,412.08874689020246,412.1875,False,False
2024-02-23 15:12:00+05:30,411.75,411.75,411.05,411.3,598789,411.9134698034908,412.025,False,False
2024-02-23 15:20:00+05:30,411.3,411.7,410.7,411.0,621246,411.7104765138262,411.78125,False,False
2024-02-23 15:28:00+05:30,410.95,411.0,410.5,411.0,132180,411.5525928440871,411.60625,False,False
2024-02-26 09:12:00+05:30,411.1,411.4,410.15,411.0,253074,411.42979443429,411.43125000000003,False,False
2024-02-26 09:20:00+05:30,411.0,411.25,410.15,410.35,200813,411.1898401155589,411.26875,False,False
2024-02-26 09:28:00+05:30,410.35,412.55,410.1,412.15,393091,411.4032089787681,411.2875,False,False
2024-02-26 09:36:00+05:30,412.05,412.3,411.5,411.9,188621,411.51360698348634,411.275,False,False
2024-02-26 09:44:00+05:30,411.9,413.05,411.65,411.85,194931,411.5883609871561,411.31875,False,False
2024-02-26 09:52:00+05:30,411.75,412.3,411.3,411.5,131128,411.56872521223255,411.34375,False,False
2024-02-26 10:00:00+05:30,411.3,411.75,410.6,410.95,160714,411.43123072062536,411.3375,False,True
2024-02-26 10:08:00+05:30,410.9,411.85,410.9,411.65,69961,411.479846116042,411.41875,False,False
2024-02-26 10:16:00+05:30,411.65,411.95,411.35,411.65,72851,411.51765809025494,411.5,False,False
2024-02-26 10:24:00+05:30,411.65,411.8,410.4,410.7,175840,411.3359562924205,411.54375,False,True
2024-02-26 10:32:00+05:30,410.65,411.0,410.4,410.7,69962,411.1946326718827,411.36249999999995,False,False
2024-02-26 10:40:00+05:30,410.7,410.7,409.65,410.2,151616,410.9736031892421,411.15000000000003,False,False
2024-02-26 10:48:00+05:30,410.2,410.7,410.05,410.35,65738,410.83502470274397,410.9625,False,False
2024-02-26 10:56:00+05:30,410.35,410.55,409.75,410.2,118260,410.69390810213423,410.79999999999995,False,False
2024-02-26 11:04:00+05:30,410.2,410.8,410.05,410.4,108008,410.6285951905488,410.73125,False,False
2024-02-26 11:12:00+05:30,410.35,410.45,409.55,409.8,77186,410.44446292598246,410.5,False,False
2024-02-26 11:20:00+05:30,409.8,409.8,409.1,409.5,111642,410.2345822757642,410.23125,False,False
2024-02-26 11:28:00+05:30,409.5,409.55,408.55,408.75,137149,409.9046751033722,409.9875,False,False
2024-02-26 11:36:00+05:30,408.8,409.35,408.55,408.7,115698,409.6369695248451,409.7375,False,False
2024-02-26 11:44:00+05:30,408.7,408.75,408.35,408.35,172312,409.3509762971018,409.50624999999997,False,False
2024-02-26 11:52:00+05:30,408.45,408.65,408.05,408.65,124483,409.1952037866348,409.29375,False,False
2024-02-26 12:00:00+05:30,408.65,408.75,408.45,408.65,68036,409.0740473896049,409.1,False,False
2024-02-26 12:08:00+05:30,408.75,408.95,408.5,408.7,65488,408.9909257474705,408.8875,False,False
2024-02-26 12:16:00+05:30,408.85,409.0,408.6,408.65,59364,408.9151644702549,408.74375,False,False
2024-02-26 12:24:00+05:30,408.85,408.85,408.45,408.5,72467,408.8229056990872,408.61875,False,False
2024-02-26 12:32:00+05:30,408.45,408.5,408.15,408.4,58041,408.7289266548456,408.575,False,False
2024-02-26 12:40:00+05:30,408.35,408.5,407.9,407.95,174094,408.55583184265777,408.48125,False,False
2024-02-26 12:48:00+05:30,408.0,408.1,407.45,407.9,268358,408.4100914331783,408.425,False,False
2024-02-26 12:56:00+05:30,407.9,408.2,407.35,407.6,454234,408.2300711146943,408.29375,False,False
2024-02-26 13:04:00+05:30,407.6,408.2,407.3,408.15,140036,408.21227753365116,408.23125,False,False
2024-02-26 13:12:00+05:30,408.05,408.2,407.65,408.05,145688,408.17621585950644,408.15,False,False
2024-02-26 13:20:00+05:30,408.05,408.25,407.9,408.2,136952,408.18150122406064,408.09375,False,False
2024-02-26 13:28:00+05:30,408.0,408.15,407.7,407.95,106247,408.1300565076028,408.025,False,True
2024-02-26 13:36:00+05:30,407.95,408.0,407.7,407.9,97500,408.07893283924665,407.9625,False,False
2024-02-26 13:44:00+05:30,407.9,408.8,407.6,408.8,202906,408.23916998608075,408.06875,False,False
2024-02-26 13:52:00+05:30,408.8,409.3,408.7,409.1,258043,408.43046554472954,408.21875,False,False
2024-02-26 14:00:00+05:30,409.1,409.95,409.1,409.85,220939,408.74591764590076,408.5,False,False
2024-02-26 14:08:00+05:30,409.85,410.0,409.5,409.75,117287,408.96904705792286,408.7,False,False
2024-02-26 14:16:00+05:30,409.85,410.7,409.5,410.6,181100,409.33148104505113,409.01875,False,False
2024-02-26 14:24:00+05:30,410.7,410.8,409.9,409.9,100628,409.45781859059537,409.23125,False,False
2024-02-26 14:32:00+05:30,410.0,410.15,409.3,409.55,106902,409.47830334824084,409.43125000000003,False,False
2024-02-26 14:40:00+05:30,409.55,409.55,409.0,409.45,95608,409.4720137152985,409.625,False,True
2024-02-26 14:48:00+05:30,409.35,409.5,408.35,408.65,147912,409.28934400078776,409.60625,False,False
2024-02-26 14:56:00+05:30,408.65,410.3,408.35,410.2,228919,409.4917120006128,409.74375,False,False
2024-02-26 15:04:00+05:30,410.2,410.2,409.45,409.8,205335,409.5602204449211,409.7375,False,False
2024-02-26 15:12:00+05:30,409.9,409.95,408.75,409.2,332378,409.48017145716085,409.66875,False,True
2024-02-26 15:20:00+05:30,409.2,409.35,408.65,409.15,604878,409.40680002223627,409.4875,False,False
2024-02-26 15:28:00+05:30,409.1,409.4,408.75,409.4,163749,409.40528890618384,409.425,False,False
2024-02-27 09:12:00+05:30,410.8,410.95,408.8,409.25,224033,409.3707802603652,409.3875,False,False
2024-02-27 09:20:00+05:30,409.2,410.2,408.8,410.2,216861,409.55505131361747,409.48125,False,False
2024-02-27 09:28:00+05:30,410.1,410.35,409.5,410.15,205613,409.68726213281366,409.66875,False,False
2024-02-27 09:36:00+05:30,410.15,410.5,409.75,410.15,162693,409.79009276996624,409.6625,False,False
2024-02-27 09:44:00+05:30,410.1,411.45,409.85,411.05,239914,410.0700721544182,409.81874999999997,False,False
2024-02-27 09:52:00+05:30,411.05,412.5,411.0,412.15,372573,410.53227834232524,410.1875,False,False
2024-02-27 10:00:00+05:30,412.2,412.75,411.7,412.25,260627,410.91399426625304,410.575,False,False
2024-02-27 10:08:00+05:30,412.2,412.6,411.75,412.35,185763,411.2331066515302,410.94374999999997,False,False
2024-02-27 10:16:00+05:30,412.35,412.7,412.1,412.5,156768,411.51463850674577,411.34999999999997,False,False
2024-02-27 10:24:00+05:30,412.5,412.5,411.0,411.55,151205,411.52249661635784,411.51875,False,False
2024-02-27 10:32:00+05:30,411.55,411.65,411.1,411.55,78767,411.52860847938945,411.69375,False,True
2024-02-27 10:40:00+05:30,411.4,412.0,411.35,411.6,57231,411.5444732617474,411.875,False,False
2024-02-27 10:48:00+05:30,411.7,412.0,411.45,411.5,74737,411.5345903146925,411.93125000000003,False,False
2024-02-27 10:56:00+05:30,411.5,412.05,411.45,412.05,58483,411.6491258003164,411.91875,False,False
2024-02-27 11:04:00+05:30,412.05,412.2,411.7,412.0,109090,411.7270978446906,411.8875,False,False
2024-02-27 11:12:00+05:30,412.0,412.15,411.3,411.6,82490,411.6988538792038,411.79375000000005,False,True
2024-02-27 11:20:00+05:30,411.6,411.95,411.2,411.75,60628,411.71021968382524,411.70000000000005,False,False
2024-02-27 11:28:00+05:30,411.7,411.9,411.55,411.75,48473,411.71905975408635,411.725,False,False
2024-02-27 11:36:00+05:30,411.75,411.9,411.25,411.55,73956,411.681490919845,411.72499999999997,False,True
2024-02-27 11:44:00+05:30,411.45,412.0,411.45,411.7,62994,411.68560404876837,411.7375,False,False
2024-02-27 11:52:00+05:30,411.7,411.7,410.6,411.0,101908,411.5332475934865,411.675,False,False
2024-02-27 12:00:00+05:30,411.0,411.0,410.25,410.7,91143,411.3480814616007,411.50625,False,False
2024-02-27 12:08:00+05:30,410.7,410.9,410.25,410.9,88453,411.24850780346725,411.36875000000003,False,False
2024-02-27 12:16:00+05:30,410.9,410.9,410.4,410.6,75568,411.1043949582523,411.24375,False,False
2024-02-27 12:24:00+05:30,410.75,411.0,410.55,410.6,95746,410.99230718975184,411.09999999999997,False,False
2024-02-27 12:32:00+05:30,410.6,411.0,410.1,410.4,127348,410.8606833698071,410.93125,False,False
2024-02-27 12:40:00+05:30,410.3,410.8,410.05,410.55,84396,410.7916426209611,410.80625000000003,False,False
2024-02-27 12:48:00+05:30,410.5,411.7,410.45,411.6,130911,410.97127759408096,410.79375,False,False
2024-02-27 12:56:00+05:30,411.55,411.6,411.0,411.15,96926,411.01099368428527,410.8125,False,False
2024-02-27 13:04:00+05:30,411.1,411.3,410.9,411.0,91856,411.008550643333,410.85,False,False
2024-02-27 13:12:00+05:30,411.0,411.0,410.1,410.5,128156,410.89553938925906,410.8,False,True
2024-02-27 13:20:00+05:30,410.5,410.5,409.55,409.75,147252,410.6409750805349,410.69375,False,False
2024-02-27 13:28:00+05:30,409.8,410.0,409.2,409.7,140887,410.43186950708275,410.58125,False,False
2024-02-27 13:36:00+05:30,409.75,409.9,409.2,409.25,112116,410.16923183884217,410.4375,False,False
2024-02-27 13:44:00+05:30,409.2,409.4,408.55,409.05,158797,409.9205136524328,410.25,False,False
2024-02-27 13:52:00+05:30,409.05,409.45,408.9,409.15,102703,409.74928839633674,409.94374999999997,False,False
2024-02-27 14:00:00+05:30,409.15,410.0,408.95,409.9,146760,409.78277986381755,409.78749999999997,False,False
2024-02-27 14:08:00+05:30,409.9,410.2,409.65,410.1,147917,409.8532732274137,409.67499999999995,False,False
2024-02-27 14:16:00+05:30,410.1,410.45,409.8,410.05,178813,409.89699028798844,409.61875,False,False
2024-02-27 14:24:00+05:30,410.2,410.6,409.8,410.15,235762,409.9532146684355,409.66875,False,False
2024-02-27 14:32:00+05:30,410.0,410.4,410.0,410.1,180256,409.9858336310055,409.71875,False,False
2024-02-27 14:40:00+05:30,410.15,410.9,410.1,410.75,248292,410.155648379671,409.90625,False,False
2024-02-27 14:48:00+05:30,410.65,411.15,410.5,410.95,216268,410.33217096196637,410.14374999999995,False,False
2024-02-27 14:56:00+05:30,411.0,411.9,410.75,411.9,294533,410.68057741486274,410.4875,False,False
2024-02-27 15:04:00+05:30,411.9,411.9,411.4,411.75,340245,410.9182268782266,410.71875,False,False
2024-02-27 15:12:00+05:30,411.8,411.85,410.75,411.0,519654,410.9363986830652,410.83125,False,False
2024-02-27 15:20:00+05:30,410.9,411.0,410.0,410.45,482420,410.82831008682854,410.88125,False,True
2024-02-27 15:28:00+05:30,410.5,410.8,409.9,410.05,107935,410.65535228975557,410.86875,False,False
2024-02-28 09:12:00+05:30,411.15,411.15,410.1,410.3,169734,410.5763851142544,410.89375,False,False
2024-02-28 09:20:00+05:30,410.4,410.95,410.15,410.75,155837,410.61496619997564,410.89375,False,False
2024-02-28 09:28:00+05:30,410.75,410.95,410.1,410.9,210653,410.6783070444256,410.88750000000005,False,False
2024-02-28 09:36:00+05:30,410.95,410.95,410.5,410.65,89025,410.67201659010885,410.73125,False,True
2024-02-28 09:44:00+05:30,410.55,410.8,410.55,410.65,84984,410.6671240145291,410.59375,False,False
2024-02-28 09:52:00+05:30,410.55,410.8,410.0,410.2,91419,410.5633186779672,410.49375,False,True
2024-02-28 10:00:00+05:30,410.2,410.4,409.7,410.25,134701,410.49369230508563,410.46875,False,False
2024-02-28 10:08:00+05:30,410.25,410.25,410.0,410.0,73751,410.38398290395554,410.4625,False,False
2024-02-28 10:16:00+05:30,410.1,411.5,409.7,411.3,544658,410.58754225863214,410.5875,False,False
2024-02-28 10:24:00+05:30,411.3,412.35,411.1,411.75,322470,410.8458662011584,410.7125,False,False
2024-02-28 10:32:00+05:30,411.7,412.1,411.05,411.55,319539,411.0023403786788,410.79375000000005,False,False
2024-02-28 10:40:00+05:30,411.5,411.55,410.55,410.8,106377,410.95737585008357,410.8125,False,True
2024-02-28 10:48:00+05:30,410.85,411.0,409.05,409.65,217073,410.66684788339836,410.6875,False,False
2024-02-28 10:56:00+05:30,409.6,409.7,408.8,409.3,149488,410.36310390930987,410.57500000000005,False,False
2024-02-28 11:04:00+05:30,409.3,409.8,409.0,409.8,131203,410.237969707241,410.51875,False,False
2024-02-28 11:12:00+05:30,409.8,409.8,409.3,409.5,64511,410.0739764389653,410.45625,False,False
2024-02-28 11:20:00+05:30,409.4,409.6,409.0,409.2,136764,409.8797594525286,410.19375,False,False
2024-02-28 11:28:00+05:30,409.2,409.25,408.05,408.5,143626,409.57314624085564,409.7875,False,False
2024-02-28 11:36:00+05:30,408.4,409.1,408.3,408.85,90875,409.4124470762211,409.45,False,False
2024-02-28 11:44:00+05:30,408.8,408.9,408.0,408.8,161401,409.2763477259498,409.20000000000005,False,False
2024-02-28 11:52:00+05:30,408.8,408.95,408.3,408.75,63127,409.15938156462767,409.0875,False,False
2024-02-28 12:00:00+05:30,408.75,408.95,407.85,408.0,346694,408.9017412169327,408.92499999999995,False,False
2024-02-28 12:08:00+05:30,407.9,408.0,406.95,407.5,338274,408.59024316872546,408.63750000000005,False,False
2024-02-28 12:16:00+05:30,407.45,407.9,406.8,407.9,232672,408.4368557978977,408.4375,False,False
2024-02-28 12:24:00+05:30,407.9,408.3,407.75,407.9,122324,408.31755450947605,408.275,False,False
2024-02-28 12:32:00+05:30,407.9,408.85,407.75,408.75,136272,408.41365350737027,408.30625,False,False
2024-02-28 12:40:00+05:30,408.75,408.8,408.4,408.65,94666,408.4661749501769,408.28125,False,False
2024-02-28 12:48:00+05:30,408.65,408.95,408.5,408.5,80770,408.4736916279154,408.24375,False,False
2024-02-28 12:56:00+05:30,408.5,408.5,407.5,408.0,137048,408.368426821712,408.15,False,True
2024-02-28 13:04:00+05:30,407.95,408.0,407.15,407.7,136342,408.21988752799825,408.11249999999995,False,False
2024-02-28 13:12:00+05:30,407.5,408.0,407.2,408.0,134666,408.17102363288757,408.17499999999995,False,False
2024-02-28 13:20:00+05:30,408.0,409.0,407.9,408.7,97196,408.2885739366904,408.275,False,False
2024-02-28 13:28:00+05:30,408.55,408.95,408.2,408.9,94257,408.4244463952037,408.4,False,False
2024-02-28 13:36:00+05:30,408.9,409.0,407.9,408.45,164158,408.4301249740473,408.3625,False,False
2024-02-28 13:44:00+05:30,408.45,408.95,408.4,408.75,119214,408.50120831314797,408.375,False,False
2024-02-28 13:52:00+05:30,408.75,408.95,408.55,408.7,81306,408.54538424355957,408.4,False,False
2024-02-28 14:00:00+05:30,408.8,409.2,408.45,409.0,172923,408.646409967213,408.525,False,False
2024-02-28 14:08:00+05:30,409.25,409.5,408.8,409.3,122323,408.79165219672126,408.725,False,False
2024-02-28 14:16:00+05:30,409.4,409.4,408.75,408.95,109812,408.8268405974499,408.84375,False,False
2024-02-28 14:24:00+05:30,408.95,409.0,408.6,408.8,128368,408.82087602023887,408.85625000000005,False,True
2024-02-28 14:32:00+05:30,408.8,408.85,408.0,408.15,145566,408.67179246018577,408.7625,False,False
2024-02-28 14:40:00+05:30,408.35,409.0,407.8,409.0,199366,408.7447274690334,408.83124999999995,False,False
2024-02-28 14:48:00+05:30,408.9,409.1,408.25,408.45,182687,408.67923247591494,408.79375,False,True
2024-02-28 14:56:00+05:30,408.5,409.2,408.45,409.15,367929,408.7838474812672,408.85,False,False
2024-02-28 15:04:00+05:30,409.15,409.25,407.95,407.95,424494,408.59854804098563,408.71875,False,True
2024-02-28 15:12:00+05:30,407.75,408.5,407.45,408.0,421218,408.4655373652111,408.55625,False,False
2024-02-28 15:20:00+05:30,407.9,408.1,407.25,407.65,440941,408.28430683960863,408.39375,False,False
2024-02-28 15:28:00+05:30,407.65,407.9,407.45,407.9,91537,408.19890531969565,408.28124999999994,False,False
2024-02-29 09:12:00+05:30,409.0,409.5,408.0,409.0,363184,408.37692635976333,408.3875,False,False
2024-02-29 09:20:00+05:30,409.0,409.9,406.9,409.65,296317,408.6598316131493,408.46875,False,False
2024-02-29 09:28:00+05:30,409.65,410.3,409.15,410.2,171960,409.00209125467177,408.6875,False,False
2024-02-29 09:36:00+05:30,410.1,410.2,409.0,409.75,154327,409.16829319807806,408.76250000000005,False,False
2024-02-29 09:44:00+05:30,409.75,409.85,408.35,409.75,159265,409.297561376283,408.98749999999995,False,False
2024-02-29 09:52:00+05:30,409.75,410.15,409.5,409.95,279169,409.44254773710907,409.23125,False,False
2024-02-29 10:00:00+05:30,409.95,411.05,409.55,410.05,462164,409.5775371288627,409.53125,False,False
2024-02-29 10:08:00+05:30,410.05,410.1,407.8,408.5,496713,409.3380844335599,409.60625000000005,False,True
2024-02-29 10:16:00+05:30,408.55,408.8,407.65,408.8,363727,409.2185101149911,409.58125,False,False
2024-02-29 10:24:00+05:30,408.8,409.05,408.05,408.7,169228,409.10328564499315,409.4625,False,False
2024-02-29 10:32:00+05:30,408.65,409.0,408.2,408.8,130691,409.0358888349947,409.2875,False,False
2024-02-29 10:40:00+05:30,408.85,409.3,408.45,408.8,192869,408.9834690938848,409.16875000000005,False,False
2024-02-29 10:48:00+05:30,408.7,409.0,408.35,408.35,182435,408.8426981841327,408.99375000000003,False,False
2024-02-29 10:56:00+05:30,408.35,409.0,408.35,408.85,303884,408.84432080988097,408.85625,False,False
2024-02-29 11:04:00+05:30,408.85,408.85,408.1,408.55,149184,408.778916185463,408.66875000000005,False,False
2024-02-29 11:12:00+05:30,408.55,410.3,408.4,409.8,306652,409.00582369980464,408.83125000000007,False,False
2024-02-29 11:20:00+05:30,409.8,410.0,409.35,409.6,113299,409.1378628776259,408.93125000000003,False,False
2024-02-29 11:28:00+05:30,409.55,409.95,408.5,409.7,211454,409.26278223815353,409.05625,False,False
2024-02-29 11:36:00+05:30,409.7,409.85,409.25,409.7,115416,409.35994174078616,409.16875000000005,False,False
2024-02-29 11:44:00+05:30,409.7,409.75,408.85,409.0,111083,409.2799546872782,409.19375,False,True
2024-02-29 11:52:00+05:30,409.0,409.45,408.85,409.4,69407,409.30663142343866,409.325,False,False
2024-02-29 12:00:00+05:30,409.4,409.6,409.1,409.55,110811,409.3607133293412,409.4125,False,False
2024-02-29 12:08:00+05:30,409.6,409.65,408.7,408.9,97692,409.2583325894877,409.45625,False,True
2024-02-29 12:16:00+05:30,409.0,409.1,408.65,408.85,81131,409.16759201404597,409.33750000000003,False,False
2024-02-29 12:24:00+05:30,408.75,408.9,407.15,407.65,233488,408.830349344258,409.09375,False,False
2024-02-29 12:32:00+05:30,407.5,408.6,407.5,408.55,117897,408.7680494899785,408.95,False,False
2024-02-29 12:40:00+05:30,408.55,409.25,408.5,409.05,199561,408.8307051588722,408.86875,False,False
2024-02-29 12:48:00+05:30,409.0,409.4,408.65,408.8,130170,408.823881790234,408.84375,False,True
2024-02-29 12:56:00+05:30,408.7,408.9,408.5,408.6,126510,408.77413028129314,408.74375000000003,False,False
2024-02-29 13:04:00+05:30,408.65,408.85,408.0,408.45,300926,408.70210132989473,408.60625,False,False
2024-02-29 13:12:00+05:30,408.4,408.7,407.8,408.25,186252,408.60163436769597,408.525,False,False
2024-02-29 13:20:00+05:30,408.25,408.9,407.95,408.8,160489,408.6457156193191,408.51875,False,False
2024-02-29 13:28:00+05:30,408.8,409.05,408.5,408.75,204215,408.6688899261371,408.65625,False,False
2024-02-29 13:36:00+05:30,408.8,408.9,407.9,408.4,191391,408.60913660921784,408.63750000000005,False,True
2024-02-29 13:44:00+05:30,408.3,408.9,408.25,408.6,174439,408.60710625161386,408.58125,False,False
2024-02-29 13:52:00+05:30,408.65,408.85,408.35,408.75,159835,408.63886041792193,408.57500000000005,False,False
2024-02-29 14:00:00+05:30,408.8,408.85,407.55,408.0,168471,408.49689143616155,408.5,False,True
2024-02-29 14:08:00+05:30,408.1,408.1,405.95,407.2,305650,408.20869333923685,408.34375,False,False
2024-02-29 14:16:00+05:30,407.2,407.35,405.6,406.15,324289,407.7512059305176,408.08125,False,False
2024-02-29 14:24:00+05:30,406.25,407.2,404.6,405.1,350212,407.1620490570693,407.61875,False,False
2024-02-29 14:32:00+05:30,404.9,405.75,404.5,405.7,263904,406.8371492666095,407.23749999999995,False,False
2024-02-29 14:40:00+05:30,405.75,406.6,405.15,406.5,310795,406.76222720736297,407.0,False,False
2024-02-29 14:48:00+05:30,406.45,406.65,405.4,406.0,240599,406.59284338350454,406.67499999999995,False,False
2024-02-29 14:56:00+05:30,405.9,406.45,405.0,406.05,1014120,406.47221152050355,406.3375,False,False
2024-02-29 15:04:00+05:30,406.1,406.45,405.45,406.4,1365976,406.45616451594725,406.1375,False,False
2024-02-29 15:12:00+05:30,406.25,406.75,405.95,406.2,1580889,406.399239067959,406.0125,False,False
2024-02-29 15:20:00+05:30,406.2,407.7,406.05,407.4,1518670,406.62163038619036,406.16875,False,False
2024-02-29 15:28:00+05:30,407.4,407.8,406.8,406.9,121875,406.68349030037035,406.39375,False,False
2024-03-01 09:12:00+05:30,408.9,408.9,407.5,407.9,234248,406.953825789177,406.66874999999993,False,False
2024-03-01 09:20:00+05:30,408.0,408.3,407.6,407.8,328882,407.14186450269324,406.83124999999995,False,False
2024-03-01 09:28:00+05:30,407.8,408.55,407.5,408.4,371375,407.42145016876145,407.13124999999997,False,False
2024-03-01 09:36:00+05:30,408.4,409.6,408.25,409.55,365654,407.89446124237,407.56875,False,False
2024-03-01 09:44:00+05:30,409.55,410.35,409.15,410.3,342812,408.42902541073227,408.05625,False,False
2024-03-01 09:52:00+05:30,410.3,411.35,410.1,410.65,380842,408.9225753194585,408.6125,False,False
2024-03-01 10:00:00+05:30,410.5,411.7,410.25,411.5,292047,409.49533635957886,409.125,False,False
2024-03-01 10:08:00+05:30,411.45,411.8,410.6,410.8,265471,409.7852616130058,409.61249999999995,False,False
2024-03-01 10:16:00+05:30,410.6,411.55,410.6,411.2,179308,410.0996479212268,410.02500000000003,False,False
2024-03-01 10:24:00+05:30,411.2,412.0,411.0,411.75,189630,410.46639282762084,410.51875,False,False
2024-03-01 10:32:00+05:30,411.7,411.75,410.55,410.9,158506,410.5627499770385,410.83125,False,False
2024-03-01 10:40:00+05:30,410.9,411.0,410.2,411.0,81504,410.6599166488078,411.01250000000005,False,True
2024-03-01 10:48:00+05:30,411.0,411.2,410.75,410.85,72772,410.7021573935172,411.08125,False,False
2024-03-01 10:56:00+05:30,410.9,411.05,410.1,410.3,70210,410.61278908384674,411.0375,False,False
2024-03-01 11:04:00+05:30,410.25,411.65,410.15,411.6,253180,410.8321692874364,411.05,False,False
2024-03-01 11:12:00+05:30,411.6,411.75,410.85,411.5,175198,410.9805761124506,411.13750000000005,False,False
2024-03-01 11:20:00+05:30,411.35,412.0,411.35,411.55,262264,411.10711475412825,411.18125,False,False
2024-03-01 11:28:00+05:30,411.6,411.65,411.1,411.5,46299,411.19442258654425,411.15,False,False
2024-03-01 11:36:00+05:30,411.4,412.95,411.15,412.5,411867,411.48455090064556,411.34999999999997,False,False
2024-03-01 11:44:00+05:30,412.5,413.0,412.1,412.65,122864,411.743539589391,411.55625,False,False
2024-03-01 11:52:00+05:30,412.85,413.15,411.8,411.8,217528,411.7560863473041,411.675,False,False
2024-03-01 12:00:00+05:30,411.9,412.15,411.2,411.7,209131,411.7436227145699,411.85,False,True
2024-03-01 12:08:00+05:30,411.7,412.2,411.1,411.3,131542,411.64503988910997,411.8125,False,False
2024-03-01 12:16:00+05:30,411.3,412.4,411.2,412.25,156068,411.7794754693078,411.90625,False,False
2024-03-01 12:24:00+05:30,412.25,412.5,412.0,412.15,174323,411.8618142539061,411.98125000000005,False,False
2024-03-01 12:32:00+05:30,412.25,412.9,412.0,412.65,361502,412.03696664192705,412.125,False,False
2024-03-01 12:40:00+05:30,412.8,412.9,412.45,412.55,215517,412.15097405483215,412.13125,False,False
2024-03-01 12:48:00+05:30,412.7,413.15,412.5,413.0,441478,412.3396464870917,412.175,False,False
2024-03-01 12:56:00+05:30,413.1,413.15,412.1,412.3,304781,412.3308361566269,412.23749999999995,False,False
2024-03-01 13:04:00+05:30,412.3,413.0,411.85,411.85,269724,412.2239836773765,412.25625,False,True
2024-03-01 13:12:00+05:30,411.8,412.05,411.35,411.55,138063,412.07420952684845,412.28749999999997,False,False
2024-03-01 13:20:00+05:30,411.55,412.0,411.4,411.5,140287,411.94660740977105,412.19374999999997,False,False
2024-03-01 13:28:00+05:30,411.5,412.0,411.2,411.5,155538,411.84736131871085,412.11249999999995,False,False
2024-03-01 13:36:00+05:30,411.6,411.65,411.15,411.35,106712,411.73683658121956,411.95000000000005,False,False
2024-03-01 13:44:00+05:30,411.4,411.6,411.1,411.35,124546,411.6508728965041,411.8,False,False
2024-03-01 13:52:00+05:30,411.4,411.4,411.0,411.0,131695,411.5062344750588,411.55,False,False
2024-03-01 14:00:00+05:30,411.05,411.35,410.6,411.2,225763,411.4381823694902,411.4125,False,False
2024-03-01 14:08:00+05:30,411.35,411.35,410.6,410.65,142481,411.2630307318258,411.2625,False,False
2024-03-01 14:16:00+05:30,410.8,411.1,410.1,410.8,286367,411.16013501364233,411.16875000000005,False,False
2024-03-01 14:24:00+05:30,410.9,411.3,410.35,411.0,143443,411.1245494550552,411.10625000000005,False,False
2024-03-01 14:32:00+05:30,411.0,411.05,409.95,410.25,585875,410.93020513170967,410.95000000000005,False,False
2024-03-01 14:40:00+05:30,410.4,410.4,409.05,409.8,385759,410.67904843577423,410.75624999999997,False,False
2024-03-01 14:48:00+05:30,409.8,409.95,408.8,408.8,537459,410.26148211671335,410.4375,False,False
2024-03-01 14:56:00+05:30,408.75,409.6,408.55,409.2,515673,410.0255972018882,410.2125,False,False
2024-03-01 15:04:00+05:30,409.2,409.9,408.85,409.8,622612,409.9754644903575,410.0375,False,False
2024-03-01 15:12:00+05:30,409.85,409.95,409.0,409.0,526428,409.75869460361145,409.83125,False,False
2024-03-01 15:20:00+05:30,409.15,410.25,409.1,409.7,430259,409.7456513583645,409.69374999999997,False,False
2024-03-01 15:28:00+05:30,409.65,410.2,409.6,410.1,81773,409.8243955009502,409.58124999999995,False,False
2024-03-02 09:12:00+05:30,411.0,411.55,410.1,410.7,80448,410.01897427851685,409.6375,False,False
2024-03-02 09:20:00+05:30,410.7,411.45,410.55,411.3,75963,410.3036466610687,409.82500000000005,False,False
2024-03-02 09:28:00+05:30,411.3,411.5,411.0,411.4,66293,410.54728073638677,410.15,False,False
2024-03-02 09:36:00+05:30,411.35,411.4,410.8,411.0,86293,410.6478850171897,410.375,False,False
2024-03-02 09:44:00+05:30,411.0,411.95,410.9,411.85,69934,410.91502168003655,410.63125,False,False
2024-03-02 09:52:00+05:30,411.8,412.0,411.4,411.9,67303,411.1339057511396,410.99375,False,False
2024-03-02 11:28:00+05:30,412.0,412.8,411.95,412.4,124044,411.4152600286642,411.33125,False,False
2024-03-02 11:36:00+05:30,412.5,412.65,411.85,412.3,84903,411.6118689111833,411.60625000000005,False,False
2024-03-02 11:44:00+05:30,412.2,412.6,412.05,412.35,56597,411.77589804203154,411.8125,False,False
2024-03-02 11:52:00+05:30,412.35,412.35,412.0,412.15,39226,411.85903181046905,411.91875,False,False
2024-03-02 12:00:00+05:30,412.1,412.4,412.0,412.4,65841,411.9792469636982,412.04375,False,False
2024-03-02 12:08:00+05:30,412.4,412.5,411.75,412.0,54403,411.9838587495431,412.16875,False,True
2024-03-02 12:16:00+05:30,411.9,412.15,411.75,412.0,53886,411.98744569408916,412.1875,False,False
2024-03-02 12:24:00+05:30,412.0,412.0,411.6,411.8,41213,411.94579109540274,412.175,False,False
2024-03-04 09:12:00+05:30,412.25,412.95,411.0,411.1,204696,411.7578375186466,412.0125,False,False
2024-03-04 09:20:00+05:30,411.05,411.25,410.15,411.2,244705,411.6338736256141,411.875,False,False
2024-03-04 09:28:00+05:30,411.2,411.85,410.85,410.9,114154,411.4707905976999,411.69374999999997,False,False
2024-03-04 09:36:00+05:30,410.85,411.0,410.4,410.75,117017,411.31061490932217,411.51874999999995,False,False
2024-03-04 09:44:00+05:30,410.75,411.2,410.55,411.0,192585,411.2415893739173,411.34375,False,False
2024-03-04 09:52:00+05:30,410.95,411.0,410.5,410.7,69031,411.1212361797135,411.18125000000003,False,False
2024-03-04 10:00:00+05:30,410.8,410.95,410.35,410.75,97623,411.0387392508883,411.02500000000003,False,False
2024-03-04 10:08:00+05:30,410.75,411.5,410.4,411.25,117372,411.0856860840243,410.95625,False,False
2024-03-04 10:16:00+05:30,411.25,411.45,410.95,411.35,92524,411.1444225097967,410.9875,False,False
2024-03-04 10:24:00+05:30,411.4,411.5,411.1,411.45,91981,411.2123286187308,411.01874999999995,False,False
2024-03-04 10:32:00+05:30,411.45,411.7,410.8,411.15,120976,411.1984778145684,411.05,False,False
2024-03-04 10:40:00+05:30,411.15,411.3,410.55,410.85,75028,411.12103830021994,411.0625,False,True
2024-03-04 10:48:00+05:30,410.85,411.0,410.35,410.35,188925,410.9496964557266,410.98125000000005,False,False
2024-03-04 10:56:00+05:30,410.5,411.0,410.25,410.85,101236,410.92754168778737,411.0,False,False
2024-03-04 11:04:00+05:30,410.65,411.2,410.5,411.2,119211,410.98808797939023,411.05625,False,False
2024-03-04 11:12:00+05:30,411.2,411.5,410.6,410.7,125349,410.92406842841467,410.9875,False,True
2024-03-04 11:20:00+05:30,410.65,410.9,410.5,410.7,75494,410.87427544432256,410.90625,False,False
2024-03-04 11:28:00+05:30,410.7,410.8,410.0,410.1,229036,410.70221423447316,410.7375,False,False
2024-03-04 11:36:00+05:30,410.15,410.45,410.05,410.2,93156,410.59061107125694,410.61875000000003,False,False
2024-03-04 11:44:00+05:30,410.2,410.4,410.0,410.15,82678,410.4926974998665,410.53125,False,False
2024-03-04 11:52:00+05:30,410.1,410.2,409.5,409.5,215718,410.27209805545175,410.42499999999995,False,False
2024-03-04 12:00:00+05:30,409.5,409.9,409.2,409.25,103071,410.0449651542403,410.22499999999997,False,False
2024-03-04 12:08:00+05:30,409.2,410.4,409.2,409.9,368001,410.01275067552024,410.0625,False,False
2024-03-04 12:16:00+05:30,409.95,410.2,409.8,410.0,135187,410.0099171920714,409.97499999999997,False,False
2024-03-04 12:24:00+05:30,410.0,410.35,409.6,410.15,102278,410.04104670494445,409.90625,False,False
2024-03-04 12:32:00+05:30,410.15,410.5,410.0,410.4,75025,410.12081410384576,409.94375,False,False
2024-03-04 12:40:00+05:30,410.5,410.6,409.6,409.75,91456,410.03841096965783,409.8875,False,True
2024-03-04 12:48:00+05:30,409.8,410.15,409.55,409.6,107809,409.94098630973394,409.81875,False,False
2024-03-04 12:56:00+05:30,409.6,410.0,409.55,409.9,63437,409.9318782409042,409.86875000000003,False,False
2024-03-04 13:04:00+05:30,409.9,410.0,409.6,409.9,64592,409.92479418736997,409.95,False,True
2024-03-04 13:12:00+05:30,409.8,410.05,409.7,410.0,64487,409.9415065901767,409.9625,False,False
2024-03-04 13:20:00+05:30,410.05,410.3,409.9,410.15,109561,409.9878384590264,409.98125,False,False
2024-03-04 13:28:00+05:30,410.15,410.3,410.0,410.25,62886,410.0460965792428,409.99375,False,False
2024-03-04 13:36:00+05:30,410.3,410.6,409.85,410.15,147201,410.06918622830005,409.9625,False,False
2024-03-04 13:44:00+05:30,410.15,410.45,409.8,409.85,97409,410.02047817756676,409.97499999999997,False,True
2024-03-04 13:52:00+05:30,409.85,409.9,409.0,409.05,138778,409.8048163603297,409.90625,False,False
2024-03-04 14:00:00+05:30,409.15,409.15,408.45,408.95,216789,409.6148571691454,409.78749999999997,False,False
2024-03-04 14:08:00+05:30,409.0,409.45,408.9,409.3,107917,409.5448889093353,409.71250000000003,False,False
2024-03-04 14:16:00+05:30,409.15,409.45,408.9,409.0,112262,409.42380248503866,409.58750000000003,False,False
2024-03-04 14:24:00+05:30,409.0,409.4,409.0,409.15,84001,409.3629574883634,409.4625,False,False
2024-03-04 14:32:00+05:30,409.2,409.25,408.65,408.75,114501,409.22674471317157,409.275,False,False
2024-03-04 14:40:00+05:30,408.85,409.1,408.65,409.1,152582,409.1985792213557,409.14375,False,False
2024-03-04 14:48:00+05:30,409.1,409.4,409.0,409.15,92527,409.1877838388323,409.05625,False,False
2024-03-04 14:56:00+05:30,409.15,409.5,409.05,409.5,152823,409.25716520798073,409.11249999999995,False,False
2024-03-04 15:04:00+05:30,409.5,409.5,409.0,409.05,184589,409.21112849509615,409.125,False,True
2024-03-04 15:12:00+05:30,409.05,409.1,408.45,408.95,489958,409.15309994063034,409.08124999999995,False,False
2024-03-04 15:20:00+05:30,409.0,410.0,408.65,409.75,506291,409.2857443982681,409.17499999999995,False,False
2024-03-04 15:28:00+05:30,409.75,409.85,409.0,409.3,89496,409.2889123097641,409.19375,False,False
2024-03-05 09:12:00+05:30,409.7,410.95,409.0,410.5,201260,409.5580429075943,409.4125,False,False
2024-03-05 09:20:00+05:30,410.5,411.4,410.1,410.65,191661,409.8007000392401,409.60625,False,False
2024-03-05 09:28:00+05:30,410.7,410.7,410.1,410.35,140330,409.9227666971868,409.75624999999997,False,False
2024-03-05 09:36:00+05:30,410.3,410.5,409.1,409.25,179172,409.77326298670084,409.725,False,True
2024-03-05 09:44:00+05:30,409.3,409.75,408.8,408.8,223920,409.5569823229896,409.69375,False,False
2024-03-05 09:52:00+05:30,408.9,409.45,408.85,409.2,196436,409.47765291788085,409.725,False,False
2024-03-05 10:00:00+05:30,409.2,409.2,408.4,408.9,273815,409.3492856027962,409.61875000000003,False,False
2024-03-05 10:08:00+05:30,409.05,409.1,408.65,408.85,196888,409.2383332466193,409.5625,False,False
2024-03-05 10:16:00+05:30,408.85,408.85,407.05,407.85,421407,408.92981474737064,409.23125,False,False
2024-03-05 10:24:00+05:30,407.85,408.15,407.1,407.35,447800,408.5787448035105,408.81875,False,False
2024-03-05 10:32:00+05:30,407.35,407.7,407.05,407.65,211307,408.37235706939714,408.48125,False,False
2024-03-05 10:40:00+05:30,407.5,407.95,407.25,407.5,129763,408.1784999428645,408.2625,False,False
2024-03-05 10:48:00+05:30,407.5,407.75,407.1,407.7,95195,408.072166622228,408.125,False,False
2024-03-05 10:56:00+05:30,407.7,408.35,407.45,408.05,221064,408.06724070617736,407.98125,False,False
2024-03-05 11:04:00+05:30,408.05,408.4,407.75,408.2,156905,408.0967427714713,407.89375,False,False
2024-03-05 11:12:00+05:30,408.15,408.15,407.35,407.65,69759,407.9974666000333,407.74375,False,True
2024-03-05 11:20:00+05:30,407.6,407.65,407.1,407.45,88546,407.8758073555815,407.69375,False,False
2024-03-05 11:28:00+05:30,407.45,407.95,407.45,407.7,62519,407.8367390543412,407.73749999999995,False,False
2024-03-05 11:36:00+05:30,407.9,407.95,407.35,407.75,83355,407.8174637089321,407.75,False,False
2024-03-05 11:44:00+05:30,407.8,408.2,407.65,407.95,90746,407.84691621805837,407.80625000000003,False,False
2024-03-05 11:52:00+05:30,407.95,408.5,407.8,408.35,68662,407.95871261404545,407.8875,False,False
2024-03-05 12:00:00+05:30,408.35,408.35,408.0,408.2,105086,408.01233203314655,407.90625,False,False
2024-03-05 12:08:00+05:30,408.2,408.5,407.85,408.0,178914,408.0095915813362,407.88124999999997,False,False
2024-03-05 12:16:00+05:30,408.0,408.1,407.15,407.25,127579,407.8407934521504,407.83124999999995,False,True
2024-03-05 12:24:00+05:30,407.4,407.5,406.6,407.1,226254,407.6761726850059,407.7875,False,False
2024-03-05 12:32:00+05:30,407.1,407.45,406.85,407.1,113000,407.5481343105602,407.71250000000003,False,False
2024-03-05 12:40:00+05:30,407.1,407.45,406.85,407.15,130653,407.45966001932464,407.63750000000005,False,False
2024-03-05 12:48:00+05:30,407.15,407.6,406.95,407.5,227185,407.46862445947477,407.58124999999995,False,False
2024-03-05 12:56:00+05:30,407.5,408.0,407.3,407.65,112524,407.50893013514707,407.49375,False,False
2024-03-05 13:04:00+05:30,407.5,407.5,406.9,406.95,279233,407.3847234384478,407.33750000000003,False,True
2024-03-05 13:12:00+05:30,406.95,407.4,406.9,407.1,127287,407.3214515632372,407.225,False,False
2024-03-05 13:20:00+05:30,407.05,407.05,406.55,406.9,201813,407.2277956602956,407.18125000000003,False,False
2024-03-05 13:28:00+05:30,406.8,406.9,406.5,406.85,160268,407.1438410691189,407.15000000000003,False,False
2024-03-05 13:36:00+05:30,406.85,406.95,406.25,406.4,150170,406.97854305375915,407.0625,False,False
2024-03-05 13:44:00+05:30,406.5,406.5,406.15,406.45,129346,406.8610890418127,406.975,False,False
2024-03-05 13:52:00+05:30,406.45,406.5,405.25,406.0,312127,406.6697359214099,406.7875,False,False
2024-03-05 14:00:00+05:30,406.0,406.0,405.3,405.35,209841,406.37646127220773,406.5,False,False
2024-03-05 14:08:00+05:30,405.45,405.8,403.95,404.95,833540,406.0594698783838,406.25,False,False
2024-03-05 14:16:00+05:30,404.95,405.65,404.95,405.6,132942,405.9573654609652,406.0625,False,False
2024-03-05 14:24:00+05:30,405.65,405.7,405.25,405.6,120406,405.8779509140841,405.9,False,False
2024-03-05 14:32:00+05:30,405.65,405.65,404.8,405.0,336031,405.6828507109543,405.66875,False,False
2024-03-05 14:40:00+05:30,405.0,405.65,404.95,405.65,190283,405.67555055296447,405.575,False,False
2024-03-05 14:48:00+05:30,405.6,406.4,405.45,406.25,188950,405.80320598563907,405.55,False,False
2024-03-05 14:56:00+05:30,406.25,406.95,406.15,406.55,253045,405.96916021105267,405.61875,False,False
2024-03-05 15:04:00+05:30,406.55,406.55,405.7,406.1,245474,405.9982357197077,405.71250000000003,False,False
2024-03-05 15:12:00+05:30,406.15,406.35,405.75,405.95,339651,405.9875166708838,405.8375,False,False
2024-03-05 15:20:00+05:30,405.95,406.7,405.85,406.65,410364,406.1347351884652,405.96875,False,False
2024-03-05 15:28:00+05:30,406.65,406.8,406.1,406.5,113034,406.215905146584,406.08125,False,False
2024-03-06 09:12:00+05:30,406.5,407.8,405.4,405.6,234818,406.0790373362321,406.15625,False,True
2024-03-06 09:20:00+05:30,405.6,405.6,403.3,403.7,473901,405.550362372625,405.9125,False,False
2024-03-06 09:28:00+05:30,403.6,404.45,403.1,404.35,329508,405.2836151787084,405.675,False,False
2024-03-06 09:36:00+05:30,404.35,405.25,404.2,405.05,175375,405.23170069455097,405.4875,False,False
2024-03-06 09:44:00+05:30,405.15,405.45,404.6,404.8,133631,405.135767206873,405.325,False,False
2024-03-06 09:52:00+05:30,404.8,404.85,402.7,402.8,391354,404.61670782756795,404.93125000000003,False,False
2024-03-06 10:00:00+05:30,402.9,403.35,402.3,403.3,200696,404.32410608810846,404.5125,False,False
2024-03-06 10:08:00+05:30,403.3,404.0,403.1,403.75,243874,404.19652695741775,404.16875,False,False
2024-03-06 10:16:00+05:30,403.75,403.95,402.75,403.0,211689,403.9306320779916,403.84375,False,False
2024-03-06 10:24:00+05:30,403.0,403.1,402.05,402.3,221180,403.5682693939935,403.66875000000005,False,False
2024-03-06 10:32:00+05:30,402.3,403.0,402.3,402.35,157438,403.29754286199505,403.41875,False,False
2024-03-06 10:40:00+05:30,402.3,403.35,402.1,402.65,189654,403.1536444482184,403.11875000000003,False,False
2024-03-06 10:48:00+05:30,402.7,403.0,402.2,402.95,107274,403.1083901263922,402.8875,False,False
2024-03-06 10:56:00+05:30,402.75,403.3,402.65,403.1,57321,403.1065256538606,402.92499999999995,False,False
2024-03-06 11:04:00+05:30,403.1,403.2,402.5,402.75,146653,403.0272977307805,402.85625000000005,False,True
2024-03-06 11:12:00+05:30,402.8,403.0,402.6,402.9,102278,402.99900934616267,402.75,False,False
2024-03-06 11:20:00+05:30,402.95,403.0,401.85,402.0,569643,402.7770072692377,402.625,False,True
2024-03-06 11:28:00+05:30,402.0,402.0,401.05,401.45,313762,402.4821167649627,402.51875,False,False
2024-03-06 11:36:00+05:30,401.45,401.9,400.7,401.85,331130,402.3416463727488,402.45625,False,False
2024-03-06 11:44:00+05:30,401.85,402.45,401.5,402.3,109293,402.3323916232491,402.4125,False,False
2024-03-06 11:52:00+05:30,402.3,402.8,402.25,402.45,110372,402.3585268180827,402.35,False,False
2024-03-06 12:00:00+05:30,402.5,402.7,402.1,402.5,165525,402.38996530295327,402.275,False,False
2024-03-06 12:08:00+05:30,402.45,403.25,402.3,403.05,151869,402.5366396800748,402.3125,False,False
2024-03-06 12:16:00+05:30,403.05,403.4,402.95,403.05,167388,402.65071975116933,402.33125,False,False
2024-03-06 12:24:00+05:30,403.25,403.7,403.1,403.6,146832,402.86167091757613,402.53125,False,False
2024-03-06 12:32:00+05:30,403.65,403.95,403.3,403.8,101457,403.07018849144816,402.825,False,False
2024-03-06 12:40:00+05:30,403.8,404.0,403.55,403.8,101562,403.2323688266819,403.06875,False,False
2024-03-06 12:48:00+05:30,403.8,403.95,403.25,403.3,119209,403.2473979763082,403.19374999999997,False,False
2024-03-06 12:56:00+05:30,403.3,403.6,403.25,403.5,66284,403.30353175935085,403.325,False,False
2024-03-06 13:04:00+05:30,403.5,403.6,402.85,402.85,135975,403.20274692393957,403.36875,False,True
2024-03-06 13:12:00+05:30,402.85,403.45,402.85,403.35,87805,403.23546982973085,403.40625,False,False
2024-03-06 13:20:00+05:30,403.4,403.65,402.85,402.9,192370,403.1609209786796,403.38750000000005,False,False
2024-03-06 13:28:00+05:30,402.8,403.0,402.5,402.95,112404,403.11404965008416,403.30625000000003,False,False
2024-03-06 13:36:00+05:30,403.0,404.5,402.75,404.45,245241,403.41092750562103,403.3875,False,False
2024-03-06 13:44:00+05:30,404.5,406.4,404.35,406.4,260295,404.0751658377053,403.7125,False,False
2024-03-06 13:52:00+05:30,406.45,406.85,406.2,406.85,165303,404.69179565154866,404.15625,False,False
2024-03-06 14:00:00+05:30,406.8,407.75,406.6,407.4,261899,405.2936188400934,404.64375,False,False
2024-03-06 14:08:00+05:30,407.4,407.75,406.85,407.5,141301,405.78392576451716,405.225,False,False
2024-03-06 14:16:00+05:30,407.4,408.0,407.2,408.0,216844,406.2763867057356,405.80625,False,False
2024-03-06 14:24:00+05:30,408.0,408.75,407.75,408.0,296406,406.6594118822389,406.44375,False,False
2024-03-06 14:32:00+05:30,407.9,408.75,407.8,408.7,276694,407.11287590840806,407.16249999999997,False,False
2024-03-06 14:40:00+05:30,408.7,409.95,408.5,408.95,300912,407.52112570653964,407.725,False,False
2024-03-06 14:48:00+05:30,409.0,409.3,408.0,408.1,222840,407.6497644384197,407.9375,False,False
2024-03-06 14:56:00+05:30,408.05,408.15,407.1,407.85,385989,407.69426122988204,408.0625,False,True
2024-03-06 15:04:00+05:30,407.85,408.45,405.85,408.4,641767,407.85109206768607,408.1875,False,False
2024-03-06 15:12:00+05:30,408.5,408.8,407.35,408.05,613437,407.89529383042253,408.25625,False,True
2024-03-06 15:20:00+05:30,408.05,408.75,407.85,408.45,561354,408.0185618681065,408.3125,False,False
2024-03-06 15:28:00+05:30,408.45,408.7,407.6,407.95,128202,408.0033258974162,408.30625,False,True
2024-03-07 09:12:00+05:30,407.85,408.55,407.15,408.15,635311,408.03592014243486,408.2375,False,False
2024-03-07 09:20:00+05:30,407.9,408.85,407.75,408.75,580647,408.19460455522716,408.2125,False,False
2024-03-07 09:28:00+05:30,408.8,408.8,406.35,406.95,518954,407.91802576517676,408.06875,False,True
2024-03-07 09:36:00+05:30,406.95,407.05,405.45,406.55,662822,407.61402003958193,407.90625,False,False
2024-03-07 09:44:00+05:30,406.55,406.8,405.85,406.3,251901,407.32201558634154,407.64375,False,False
2024-03-07 09:52:00+05:30,406.3,406.55,405.55,406.55,330442,407.15045656715455,407.45624999999995,False,False
2024-03-07 10:00:00+05:30,406.55,406.95,406.35,406.7,227768,407.0503551077869,407.2375,False,False
2024-03-07 10:08:00+05:30,406.7,406.75,404.15,404.5,699975,406.48360952827875,406.80625000000003,False,False
2024-03-07 10:16:00+05:30,404.55,405.0,403.65,404.4,453686,406.0205851886613,406.3375,False,False
2024-03-07 10:24:00+05:30,404.4,404.65,403.7,404.4,412185,405.6604551467366,405.79375,False,False
2024-03-07 10:32:00+05:30,404.4,404.7,404.2,404.65,167943,405.4359095585729,405.50624999999997,False,False
2024-03-07 10:40:00+05:30,404.6,404.9,404.0,404.6,234458,405.25015187889005,405.2625,False,False
2024-03-07 10:48:00+05:30,404.5,404.6,404.05,404.3,348524,405.03900701691447,405.0125,False,False
2024-03-07 10:56:00+05:30,404.3,404.8,403.8,404.6,452093,404.9414499020446,404.76875,False,False
2024-03-07 11:04:00+05:30,404.65,405.4,404.4,405.4,349338,405.0433499238125,404.60625,False,False
2024-03-07 11:12:00+05:30,405.4,405.45,405.05,405.25,232595,405.08927216296536,404.7,False,False
2024-03-07 11:20:00+05:30,405.25,405.4,405.1,405.35,148393,405.1472116823064,404.81874999999997,False,False
2024-03-07 11:28:00+05:30,405.35,405.45,405.1,405.3,263394,405.18116464179394,404.93125000000003,False,False
2024-03-07 11:36:00+05:30,405.4,405.55,404.7,405.1,374129,405.16312805472865,404.9875,False,False
2024-03-07 11:44:00+05:30,405.1,405.1,404.6,404.85,321518,405.09354404256675,405.01875,False,True
2024-03-07 11:52:00+05:30,404.7,404.9,404.35,404.7,419513,405.00608981088527,405.06875,False,False
2024-03-07 12:00:00+05:30,404.7,404.9,404.6,404.85,268309,404.9714031862441,405.1,False,False
2024-03-07 12:08:00+05:30,404.8,404.9,404.5,404.55,284949,404.87775803374547,404.99375,False,False
2024-03-07 12:16:00+05:30,404.65,404.8,404.35,404.65,313702,404.8271451373576,404.91875,False,False
2024-03-07 12:24:00+05:30,404.7,405.1,404.55,404.75,455324,404.8100017735004,404.84375,False,False
2024-03-07 12:32:00+05:30,404.75,406.8,404.6,406.75,697399,405.24111249050037,405.025,False,False
2024-03-07 12:40:00+05:30,406.7,406.8,406.05,406.5,312469,405.5208652703892,405.2,False,False
2024-03-07 12:48:00+05:30,406.5,406.85,406.1,406.65,271973,405.7717840991916,405.425,False,False
2024-03-07 12:56:00+05:30,406.7,408.8,406.6,408.0,679378,406.2669431882602,405.8375,False,False
2024-03-07 13:04:00+05:30,408.0,408.5,407.55,407.75,328060,406.5965113686469,406.2,False,False
2024-03-07 13:12:00+05:30,407.7,408.6,407.6,408.25,289101,406.96395328672537,406.6625,False,False
2024-03-07 13:20:00+05:30,408.3,408.9,407.95,408.4,352492,407.28307477856424,407.13125,False,False
2024-03-07 13:28:00+05:30,408.5,408.6,407.9,408.4,323028,407.5312803833278,407.5875,False,False
2024-03-07 13:36:00+05:30,408.4,411.2,408.25,411.1,957516,408.32432918703273,408.13125,False,False
2024-03-07 13:44:00+05:30,411.0,411.2,410.0,410.5,480340,408.80781158991437,408.63125,False,False
2024-03-07 13:52:00+05:30,410.6,412.4,410.0,411.8,751921,409.4727423477112,409.275,False,False
2024-03-07 14:00:00+05:30,411.8,414.95,411.65,414.2,1100607,410.52324404821985,410.05,False,False
2024-03-07 14:08:00+05:30,414.05,414.25,412.2,413.2,543044,411.11807870417107,410.73125,False,False
2024-03-07 14:16:00+05:30,413.35,413.7,412.4,412.95,328809,411.52517232546643,411.31875,False,False
2024-03-07 14:24:00+05:30,413.0,413.95,412.55,413.55,494868,411.9751340309184,411.9625,False,False
2024-03-07 14:32:00+05:30,413.5,413.7,413.0,413.25,250915,412.25843757960325,412.56875,False,False
2024-03-07 14:40:00+05:30,413.25,413.45,412.5,413.25,495995,412.4787847841359,412.8375,False,False
2024-03-07 14:48:00+05:30,413.3,414.1,412.75,412.9,718879,412.57238816543907,413.1375,False,True
2024-03-07 14:56:00+05:30,412.9,413.45,412.45,412.75,682066,412.6118574620082,413.25625,False,False
2024-03-07 15:04:00+05:30,412.65,413.85,412.6,413.75,973218,412.86477802600643,413.2,False,False
2024-03-07 15:12:00+05:30,413.7,414.1,413.0,413.95,1216647,413.10593846467174,413.29375,False,False
2024-03-07 15:20:00+05:30,413.95,414.55,413.7,414.3,1015714,413.3712854725225,413.4625,False,False
2024-03-07 15:28:00+05:30,414.4,414.8,414.2,414.7,178575,413.66655536751756,413.60625,False,False
2024-03-11 09:12:00+05:30,416.8,417.25,414.8,415.25,731316,414.01843195251365,413.85625,False,False
2024-03-11 09:20:00+05:30,415.1,416.1,414.35,415.7,561005,414.392113740844,414.1625,False,False
2024-03-11 09:28:00+05:30,415.9,418.3,415.7,417.0,756955,414.9716440206565,414.675,False,False
2024-03-11 09:36:00+05:30,417.15,417.2,415.15,415.55,477082,415.1001675716218,415.025,False,False
2024-03-11 09:44:00+05:30,415.5,416.5,415.35,415.8,301913,415.2556858890392,415.28125,False,False
2024-03-11 09:52:00+05:30,415.85,415.95,414.45,414.7,440776,415.13220013591945,415.375,False,True
2024-03-11 10:00:00+05:30,414.85,415.65,414.0,415.45,610648,415.20282232793744,415.51875,False,False
2024-03-11 10:08:00+05:30,415.45,415.9,414.8,415.0,301653,415.15775069950695,415.55625000000003,False,False
2024-03-11 10:16:00+05:30,414.8,416.0,414.7,415.85,286193,415.31158387739436,415.63125,False,False
2024-03-11 10:24:00+05:30,415.85,417.0,415.75,416.3,380867,415.5312319046401,415.70624999999995,False,False
2024-03-11 10:32:00+05:30,416.25,416.45,414.7,414.9,262892,415.3909581480534,415.44374999999997,False,True
2024-03-11 10:40:00+05:30,414.7,415.5,414.5,414.65,437707,415.22630078181936,415.33125,False,False
2024-03-11 10:48:00+05:30,414.7,415.15,414.1,415.05,234937,415.18712283030396,415.2375,False,False
2024-03-11 10:56:00+05:30,415.05,415.2,414.25,414.45,180762,415.0233177569031,415.20625,False,False
2024-03-11 11:04:00+05:30,414.45,414.9,414.3,414.5,174860,414.90702492203576,415.0875,False,False
2024-03-11 11:12:00+05:30,414.45,414.75,414.35,414.65,92176,414.8499082726945,415.04375,False,False
2024-03-11 11:20:00+05:30,414.65,414.7,412.6,413.65,597251,414.58326198987356,414.76874999999995,False,False
2024-03-11 11:28:00+05:30,413.6,414.2,413.25,414.15,153201,414.4869815476795,414.49999999999994,False,False
2024-03-11 11:36:00+05:30,414.15,414.15,413.45,413.5,166334,414.2676523148619,414.325,False,False
2024-03-11 11:44:00+05:30,413.45,413.7,413.0,413.0,165356,413.98595180044816,414.11875,False,False
2024-03-11 11:52:00+05:30,413.05,413.45,412.7,413.15,225627,413.800184733682,413.88124999999997,False,False
2024-03-11 12:00:00+05:30,413.05,413.25,412.75,413.0,127829,413.6223659039749,413.7,False,False
2024-03-11 12:08:00+05:30,413.0,413.05,412.0,412.6,202888,413.3951734808694,413.4625,False,False
2024-03-11 12:16:00+05:30,412.6,413.05,412.5,412.65,161203,413.2295793740096,413.2125,False,False
2024-03-11 12:24:00+05:30,412.65,413.3,412.65,413.25,145500,413.23411729089634,413.1625,False,False
2024-03-11 12:32:00+05:30,413.3,415.75,413.3,415.75,280030,413.7932023373639,413.3625,False,False
2024-03-11 12:40:00+05:30,415.75,415.75,414.85,415.5,204671,414.17249070683863,413.6125,False,False
2024-03-11 12:48:00+05:30,415.4,416.0,415.35,415.85,227407,414.5452705497635,413.96875,False,False
2024-03-11 12:56:00+05:30,415.85,415.85,415.5,415.65,171695,414.7907659831494,414.28125,False,False
2024-03-11 13:04:00+05:30,415.65,416.35,415.2,415.7,274679,414.99281798689407,414.61875,False,False
2024-03-11 13:12:00+05:30,415.65,415.95,415.55,415.9,182155,415.19441398980655,415.03125,False,False
2024-03-11 13:20:00+05:30,415.9,416.0,415.75,415.9,139342,415.3512108809607,415.4375,False,False
2024-03-11 13:28:00+05:30,415.9,416.4,415.8,416.05,165046,415.50649735185834,415.7875,False,False
2024-03-11 13:36:00+05:30,415.95,416.25,415.5,415.85,234405,415.58283127366764,415.8,False,False
2024-03-11 13:44:00+05:30,415.8,416.1,415.7,416.0,152847,415.67553543507483,415.8625,False,False
2024-03-11 13:52:00+05:30,416.0,416.5,415.95,416.35,211796,415.82541644950277,415.925,False,False
2024-03-11 14:00:00+05:30,416.35,417.25,416.2,416.95,525321,416.0753239051689,416.0875,False,False
2024-03-11 14:08:00+05:30,416.95,417.0,415.5,415.55,212215,415.95858525957584,416.06875,False,True
2024-03-11 14:16:00+05:30,415.5,415.8,413.0,413.7,561846,415.4566774241146,415.79375,False,False
2024-03-11 14:24:00+05:30,413.75,414.4,413.1,414.35,227266,415.2107491076448,415.6,False,False
2024-03-11 14:32:00+05:30,414.3,414.35,412.1,412.3,476360,414.5639159726127,415.13124999999997,False,False
2024-03-11 14:40:00+05:30,412.3,412.35,409.7,410.6,1001304,413.6830457564766,414.475,False,False
2024-03-11 14:48:00+05:30,410.6,411.6,410.0,410.1,669986,412.88681336614843,413.7375,False,False
2024-03-11 14:56:00+05:30,410.1,410.9,410.05,410.45,637650,412.3452992847822,413.0,False,False
2024-03-11 15:04:00+05:30,410.45,410.45,408.55,408.85,731813,411.56856611038614,411.9875,False,False
2024-03-11 15:12:00+05:30,408.8,410.1,408.0,409.55,1177700,411.11999586363373,411.2375,False,False
2024-03-11 15:20:00+05:30,409.5,409.8,408.55,409.45,770634,410.7488856717152,410.70625,False,False
2024-03-11 15:28:00+05:30,409.4,409.5,409.0,409.2,94116,410.40468885577855,410.0625,False,False
2024-03-12 09:12:00+05:30,406.5,406.5,399.35,400.4,4060272,408.1814246656056,408.57500000000005,False,False
2024-03-12 09:20:00+05:30,400.45,402.65,399.4,399.7,2133739,406.2966636288044,407.2125,False,False
2024-03-12 09:28:00+05:30,399.7,402.3,399.55,402.15,1203482,405.3751828224034,406.21875,False,False
2024-03-12 09:36:00+05:30,402.2,402.2,399.35,399.35,1280166,404.0362533063138,404.83125,False,False
2024-03-12 09:44:00+05:30,399.55,400.3,399.4,400.1,485449,403.16153034935525,403.7375,False,False
2024-03-12 09:52:00+05:30,400.05,400.5,399.6,400.2,452855,402.503412493943,402.56875,False,False
2024-03-12 10:00:00+05:30,400.25,401.4,399.9,401.3,887806,402.23598749528907,401.55,False,False
2024-03-12 10:08:00+05:30,401.0,403.15,401.0,402.6,1725329,402.3168791630027,400.72499999999997,False,False
2024-03-12 10:16:00+05:30,402.5,403.65,402.1,402.9,1083261,402.44646157122435,401.03749999999997,False,False
2024-03-12 10:24:00+05:30,402.7,403.5,401.1,401.1,1153040,402.1472478887301,401.2125,False,True
2024-03-12 10:32:00+05:30,401.1,402.3,399.5,401.95,1537999,402.1034150245679,401.1875,False,False
2024-03-12 10:40:00+05:30,401.95,402.3,401.15,401.45,1164204,401.95821168577504,401.45,False,False
2024-03-12 10:48:00+05:30,401.45,404.1,401.45,402.65,1002461,402.1119424222695,401.76875,False,False
2024-03-12 10:56:00+05:30,402.65,403.0,402.25,402.65,507046,402.23151077287633,402.075,False,False
2024-03-12 11:04:00+05:30,402.7,403.75,402.35,402.55,479859,402.30228615668165,402.23125,False,False
2024-03-12 11:12:00+05:30,402.45,402.9,401.7,401.8,516821,402.1906670107524,402.13125,False,True
2024-03-12 11:20:00+05:30,401.9,402.0,401.0,401.3,679806,401.99274100836305,401.93125,False,False
2024-03-12 11:28:00+05:30,401.3,401.9,401.15,401.2,376388,401.816576339838,401.94375,False,False
2024-03-12 11:36:00+05:30,401.25,402.75,401.2,402.35,400193,401.9351149309851,401.99375,False,False
2024-03-12 11:44:00+05:30,402.2,402.85,401.75,402.0,320901,401.9495338352107,402.0625,False,True
2024-03-12 11:52:00+05:30,402.0,402.6,401.65,402.05,253790,401.97185964960835,401.9875,False,False
2024-03-12 12:00:00+05:30,402.05,402.6,401.9,402.05,257959,401.9892241719176,401.91249999999997,False,False
2024-03-12 12:08:00+05:30,401.95,402.9,401.8,402.55,350071,402.1138410226026,401.9125,False,False
2024-03-12 12:16:00+05:30,402.55,402.9,401.8,401.8,488946,402.04409857313544,401.9125,False,True
2024-03-12 12:24:00+05:30,401.8,402.0,400.7,401.65,556872,401.95652111243874,401.95624999999995,False,False
2024-03-12 12:32:00+05:30,401.7,402.3,400.8,400.85,518111,401.7106275318968,401.9125,False,False
2024-03-12 12:40:00+05:30,400.85,401.25,400.75,400.8,417150,401.508265858142,401.71875,False,False
2024-03-12 12:48:00+05:30,400.95,401.2,400.45,400.55,320493,401.295317889666,401.5375,False,False
2024-03-12 12:56:00+05:30,400.6,400.7,400.0,400.1,474516,401.02969169196257,401.29375,False,False
2024-03-12 13:04:00+05:30,400.1,400.85,400.0,400.6,317946,400.9342046493042,401.1125,False,False
2024-03-12 13:12:00+05:30,400.65,401.9,400.6,401.45,373568,401.0488258383478,400.975,False,False
2024-03-12 13:20:00+05:30,401.4,402.85,401.1,402.55,383196,401.38242009649275,401.06874999999997,False,False
2024-03-12 13:28:00+05:30,402.65,403.35,402.2,402.95,465316,401.7307711861611,401.23125000000005,False,False
2024-03-12 13:36:00+05:30,403.0,403.5,402.4,402.45,433365,401.8905998114587,401.43125,False,False
2024-03-12 13:44:00+05:30,402.4,403.5,402.35,403.0,326728,402.13713318669016,401.70625,False,False
2024-03-12 13:52:00+05:30,403.05,403.3,402.1,402.6,221419,402.23999247853686,401.9625,False,False
2024-03-12 14:00:00+05:30,402.6,404.5,402.55,404.0,599920,402.6311052610843,402.45,False,False
2024-03-12 14:08:00+05:30,404.0,404.45,403.2,404.0,405488,402.9353040919545,402.875,False,False
2024-03-12 14:16:00+05:30,404.0,404.15,402.7,403.55,367573,403.07190318263133,403.1375,False,False
2024-03-12 14:24:00+05:30,403.5,403.6,402.25,402.35,349621,402.9114802531578,403.1125,False,True
2024-03-12 14:32:00+05:30,402.35,403.25,402.05,402.85,402702,402.8978179746783,403.1,False,False
2024-03-12 14:40:00+05:30,402.95,405.25,402.55,405.15,860696,403.39830286919425,403.4375,False,False
2024-03-12 14:48:00+05:30,405.15,405.7,404.65,405.6,622435,403.8875688982622,403.76250000000005,False,False
2024-03-12 14:56:00+05:30,405.6,406.0,404.65,405.35,644969,404.2125535875373,404.10625000000005,False,False
2024-03-12 15:04:00+05:30,405.35,405.5,404.1,404.7,661636,404.32087501252903,404.19375,False,False
2024-03-12 15:12:00+05:30,404.75,405.05,404.05,404.7,803033,404.40512500974484,404.28125,False,False
2024-03-12 15:20:00+05:30,404.7,405.8,402.25,402.65,1024857,404.0150972298016,404.16875,False,True
2024-03-12 15:28:00+05:30,402.65,403.0,401.0,402.0,342762,403.5672978454013,404.125,False,False
2024-03-13 09:12:00+05:30,435.0,438.0,425.0,428.0,18067665,408.99678721309,407.26874999999995,False,False
2024-03-13 09:20:00+05:30,428.0,431.0,424.5,425.55,9698717,412.67527894351446,409.81875,False,False
2024-03-13 09:28:00+05:30,425.7,429.0,424.3,428.8,4394412,416.2585502894002,412.71875,False,False
2024-03-13 09:36:00+05:30,429.0,430.4,427.75,428.95,4253435,419.0788724473113,415.66875,False,False
2024-03-13 09:44:00+05:30,428.9,429.0,426.95,427.3,1958609,420.9057896812422,418.49375,False,False
2024-03-13 09:52:00+05:30,427.1,427.65,425.7,427.25,1663910,422.3156141965218,421.3125,False,False
2024-03-13 10:00:00+05:30,427.3,428.3,426.55,428.2,1658857,423.62325548618367,424.50625,False,False
2024-03-13 10:08:00+05:30,428.25,430.95,428.0,430.65,3599941,425.18475426703174,428.08750000000003,False,False
2024-03-13 10:16:00+05:30,430.9,431.0,429.6,430.4,2516344,426.34369776324695,428.3875,False,False
2024-03-13 10:24:00+05:30,430.4,431.1,429.0,429.6,2217456,427.0673204825254,428.89375,False,False
2024-03-13 10:32:00+05:30,429.6,431.0,429.45,430.85,1251366,427.9079159308531,429.15000000000003,False,False
2024-03-13 10:40:00+05:30,430.9,432.25,430.15,431.8,2313983,428.77282350177467,429.50625,False,False
2024-03-13 10:48:00+05:30,431.9,432.4,430.55,431.35,1704263,429.3455293902693,430.0125,False,False
2024-03-13 10:56:00+05:30,431.35,431.9,430.85,431.2,1133790,429.7576339702095,430.50625,False,False
2024-03-13 11:04:00+05:30,431.2,431.4,429.55,429.95,1312084,429.80038197682967,430.725,False,True
2024-03-13 11:12:00+05:30,429.95,430.8,429.75,430.75,1206593,430.0114082042009,430.73749999999995,False,False
2024-03-13 11:20:00+05:30,430.9,431.0,429.1,429.9,1628902,429.9866508254896,430.675,False,True
2024-03-13 11:28:00+05:30,429.8,430.45,429.25,430.25,1003344,430.0451728642697,430.75624999999997,False,False
2024-03-13 11:36:00+05:30,430.25,430.8,429.7,430.25,1117742,430.09069000554314,430.68125,False,False
2024-03-13 11:44:00+05:30,430.3,430.7,429.5,429.7,1129049,430.0038700043114,430.41875,False,False
2024-03-13 11:52:00+05:30,429.8,429.95,428.0,428.65,1156773,429.70301000335337,430.08124999999995,False,False
2024-03-13 12:00:00+05:30,428.65,429.4,427.05,429.35,1310217,429.62456333594156,429.85,False,False
2024-03-13 12:08:00+05:30,429.35,429.4,427.8,428.25,907921,429.3191048168435,429.63750000000005,False,False
2024-03-13 12:16:00+05:30,428.25,428.25,427.1,427.25,895498,428.85930374643385,429.20000000000005,False,False
2024-03-13 12:24:00+05:30,427.35,427.5,425.45,426.7,1784671,428.3794584694486,428.8,False,False
2024-03-13 12:32:00+05:30,426.9,427.3,426.55,426.9,656810,428.05068992068226,428.38125,False,False
2024-03-13 12:40:00+05:30,427.0,427.0,424.5,424.75,1699361,427.3172032716418,427.69375,False,False
2024-03-13 12:48:00+05:30,424.7,425.7,421.5,423.4,2132929,426.44671365572145,426.90625,False,False
2024-03-13 12:56:00+05:30,423.45,424.9,423.15,424.55,1140364,426.0252217322278,426.39375,False,False
2024-03-13 13:04:00+05:30,424.6,425.4,423.4,423.55,924945,425.4751724583994,425.66875,False,False
2024-03-13 13:12:00+05:30,423.4,423.9,422.2,422.65,907219,424.84735635653294,424.96875,False,False
2024-03-13 13:20:00+05:30,422.65,424.6,422.6,424.45,761394,424.7590549439701,424.61875,False,False
2024-03-13 13:28:00+05:30,424.4,427.5,424.35,425.75,1691465,424.9792649564213,424.5,False,False
2024-03-13 13:36:00+05:30,425.8,426.3,425.1,425.85,775732,425.1727616327721,424.36875,False,False
2024-03-13 13:44:00+05:30,425.85,426.0,424.55,424.75,889175,425.0788146032673,424.36875,False,False
2024-03-13 13:52:00+05:30,424.75,425.4,424.2,425.05,740309,425.0724113580968,424.57500000000005,False,False
2024-03-13 14:00:00+05:30,425.05,425.35,424.4,425.0,1177904,425.0563199451865,424.63125,False,False
2024-03-13 14:08:00+05:30,425.0,425.0,423.4,423.5,999955,424.7104710684784,424.625,False,True
2024-03-13 14:16:00+05:30,423.55,425.2,422.7,424.6,1386723,424.6859219421499,424.86875000000003,False,False
2024-03-13 14:24:00+05:30,424.8,425.3,423.65,424.35,846953,424.61127262167224,424.85625,False,False
2024-03-13 14:32:00+05:30,424.25,424.7,423.4,423.75,766039,424.41987870574513,424.60625,False,False
2024-03-13 14:40:00+05:30,423.9,425.4,423.0,425.25,1171967,424.6043501044685,424.53125,False,False
2024-03-13 14:48:00+05:30,425.25,425.25,423.9,424.8,942083,424.6478278590311,424.5375,False,False
2024-03-13 14:56:00+05:30,424.9,425.0,423.5,423.5,1202838,424.3927550014687,424.34375,False,True
2024-03-13 15:04:00+05:30,423.55,424.25,422.2,422.35,1668325,423.9388094455868,424.0125,False,False
2024-03-13 15:12:00+05:30,422.3,422.55,421.15,421.9,2420949,423.4857406799009,423.8125,False,False
2024-03-13 15:20:00+05:30,421.9,422.55,421.65,422.05,2046364,423.1666871954785,423.49375,False,False
2024-03-13 15:28:00+05:30,422.05,422.4,421.35,422.0,294951,422.90742337426116,423.20000000000005,False,False
2024-03-14 09:12:00+05:30,421.95,422.0,418.0,418.5,2045376,421.92799595775875,422.54375000000005,False,False
2024-03-14 09:20:00+05:30,418.7,421.95,418.4,420.6,1315629,421.6328857449235,421.96250000000003,False,False
2024-03-14 09:28:00+05:30,420.8,423.1,420.15,423.1,1258129,421.9589111349405,421.75,False,False
2024-03-14 09:36:00+05:30,423.0,423.9,421.5,422.6,1135396,422.101375327176,421.6375,False,False
2024-03-14 09:44:00+05:30,422.75,424.6,422.2,423.45,1002452,422.40106969891474,421.77500000000003,False,False
2024-03-14 09:52:00+05:30,423.4,423.9,421.75,423.6,746172,422.66749865471155,421.9875,False,False
2024-03-14 10:00:00+05:30,423.75,424.5,423.55,424.5,534843,423.0747211758868,422.29375000000005,False,False
2024-03-14 10:08:00+05:30,424.4,424.8,423.1,424.0,525857,423.2803386923564,422.54375000000005,False,False
2024-03-14 10:16:00+05:30,424.15,424.8,423.7,424.6,356586,423.5735967607217,423.30625000000003,False,False
2024-03-14 10:24:00+05:30,424.65,425.5,424.0,424.4,660459,423.7572419250058,423.78125,False,False
2024-03-14 10:32:00+05:30,424.45,425.0,424.05,424.45,285018,423.9111881638935,423.95,False,False
2024-03-14 10:40:00+05:30,424.45,424.45,422.15,423.15,622753,423.74203523858387,424.01875,False,True
2024-03-14 10:48:00+05:30,423.15,423.45,422.45,422.95,454604,423.56602740778754,423.95624999999995,False,False
2024-03-14 10:56:00+05:30,422.9,422.95,421.1,422.0,455754,423.2180213171681,423.75624999999997,False,False
2024-03-14 11:04:00+05:30,422.0,422.15,419.8,420.65,758513,422.64734991335297,423.275,False,False
2024-03-14 11:12:00+05:30,420.7,421.05,418.75,420.35,663398,422.1368277103857,422.81874999999997,False,False
2024-03-14 11:20:00+05:30,420.4,421.75,420.2,421.35,497083,421.9619771080778,422.4125,False,False
2024-03-14 11:28:00+05:30,421.35,422.75,421.15,422.75,586672,422.1370933062828,422.20625,False,False
2024-03-14 11:36:00+05:30,422.7,423.8,422.5,423.2,738147,422.37329479377553,422.05,False,False
2024-03-14 11:44:00+05:30,423.25,423.45,422.55,422.95,647474,422.5014515062699,422.025,False,False
2024-03-14 11:52:00+05:30,422.95,423.5,422.55,423.3,566106,422.6789067270988,422.06875,False,False
2024-03-14 12:00:00+05:30,423.3,423.75,423.05,423.4,397159,422.8391496766325,422.24375000000003,False,False
2024-03-14 12:08:00+05:30,423.4,423.5,422.6,422.85,461561,422.8415608596031,422.51875,False,False
2024-03-14 12:16:00+05:30,422.75,423.4,422.65,423.2,213790,422.92121400191354,422.875,False,False
2024-03-14 12:24:00+05:30,423.2,424.0,423.1,424.0,283202,423.1609442237106,423.20624999999995,False,False
2024-03-14 12:32:00+05:30,423.95,424.15,423.25,423.85,447877,423.3140677295527,423.34375,False,False
2024-03-14 12:40:00+05:30,423.75,423.9,423.1,423.15,310689,423.27760823409653,423.3375,False,True
2024-03-14 12:48:00+05:30,423.1,423.7,422.7,423.45,285524,423.3159175154085,423.40000000000003,False,False
2024-03-14 12:56:00+05:30,423.55,424.3,423.4,424.1,244572,423.49015806753994,423.5,False,False
2024-03-14 13:04:00+05:30,424.1,424.2,423.15,423.3,165058,423.4479007191978,423.4875,False,True
2024-03-14 13:12:00+05:30,423.35,423.8,423.25,423.8,142392,423.5261450038205,423.60625,False,False
2024-03-14 13:20:00+05:30,423.8,424.2,423.55,424.2,173877,423.6758905585271,423.73125000000005,False,False
2024-03-14 13:28:00+05:30,424.15,424.85,424.15,424.45,411624,423.84791487885445,423.7875,False,False
2024-03-14 13:36:00+05:30,424.5,424.5,423.7,424.3,283903,423.94837823910905,423.84375,False,False
2024-03-14 13:44:00+05:30,424.3,424.7,423.45,424.4,289748,424.04873863041814,424.0,False,False
2024-03-14 13:52:00+05:30,424.45,424.6,422.8,422.9,282500,423.79346337921413,423.93125,False,True
2024-03-14 14:00:00+05:30,422.9,422.9,421.1,421.15,823765,423.2060270727221,423.5625,False,False
2024-03-14 14:08:00+05:30,421.3,422.35,421.15,421.85,756585,422.90468772322834,423.38124999999997,False,False
2024-03-14 14:16:00+05:30,422.0,422.25,421.45,421.55,247249,422.6036460069554,423.1,False,False
2024-03-14 14:24:00+05:30,421.7,422.0,420.05,420.35,396812,422.1028357831876,422.61875,False,False
2024-03-14 14:32:00+05:30,420.35,421.0,420.05,420.6,296423,421.76887227581256,422.1375,False,False
2024-03-14 14:40:00+05:30,420.6,421.0,419.9,420.0,565261,421.37578954785425,421.59999999999997,False,False
2024-03-14 14:48:00+05:30,420.0,420.8,419.9,420.25,302354,421.1256140927756,421.08125,False,False
2024-03-14 14:56:00+05:30,420.35,420.5,419.5,420.05,1037356,420.8865887388255,420.725,False,False
2024-03-14 15:04:00+05:30,420.1,421.65,419.55,419.75,1869459,420.634013463531,420.55,False,False
2024-03-14 15:12:00+05:30,419.65,420.35,419.0,419.6,1599393,420.40423269385747,420.26875,False,False
2024-03-14 15:20:00+05:30,419.65,419.65,418.45,418.9,1901980,420.06995876188915,419.9375,False,False
2024-03-14 15:28:00+05:30,418.9,419.0,418.65,418.95,532339,419.82107903702496,419.7625,False,False
2024-03-15 09:12:00+05:30,417.2,419.85,417.2,419.25,571177,419.69417258435277,419.59375,False,False
2024-03-15 09:20:00+05:30,419.1,420.5,418.8,420.25,729015,419.81768978783,419.625,False,False
2024-03-15 09:28:00+05:30,420.35,421.15,419.5,420.0,929721,419.85820316831223,419.59375,False,False
2024-03-15 09:36:00+05:30,420.0,420.6,419.3,419.9,835330,419.86749135313175,419.575,False,False
2024-03-15 09:44:00+05:30,419.75,420.55,419.4,419.6,541920,419.8080488302137,419.55625,False,False
2024-03-15 09:52:00+05:30,419.55,421.4,418.9,419.95,1093791,419.8395935346107,419.6,False,False
2024-03-15 10:00:00+05:30,419.95,422.0,419.95,421.8,1428389,420.27523941580836,419.9625,False,False
2024-03-15 10:08:00+05:30,421.8,422.9,421.45,422.15,1248541,420.69185287896204,420.3625,False,False
2024-03-15 10:16:00+05:30,422.15,422.9,421.15,422.05,895403,420.9936633503038,420.71250000000003,False,False
2024-03-15 10:24:00+05:30,422.1,422.65,421.3,421.85,697886,421.1839603835696,420.9125,False,False
2024-03-15 10:32:00+05:30,421.7,421.8,419.8,421.75,956058,421.3097469649987,421.13125,False,False
2024-03-15 10:40:00+05:30,421.8,424.3,421.55,423.9,1926431,421.88535875055453,421.63125,False,False
2024-03-15 10:48:00+05:30,423.95,425.45,423.55,425.2,1626410,422.6219456948758,422.33125,False,False
2024-03-15 10:56:00+05:30,425.15,426.15,423.7,423.95,1623536,422.91706887379235,422.83124999999995,False,False
2024-03-15 11:04:00+05:30,424.0,425.5,423.7,424.6,1080932,423.2910535685052,423.18125000000003,False,False
2024-03-15 11:12:00+05:30,424.6,424.8,423.6,423.85,701116,423.4152638866152,423.39375,False,False
2024-03-15 11:20:00+05:30,423.8,425.0,422.1,424.95,1046511,423.7563163562563,423.75624999999997,False,False
2024-03-15 11:28:00+05:30,424.75,426.55,424.1,425.4,2335946,424.12157938819945,424.2,False,False
2024-03-15 11:36:00+05:30,425.45,426.0,424.9,425.55,443843,424.43900619082183,424.675,False,False
2024-03-15 11:44:00+05:30,425.5,426.65,425.5,425.7,692461,424.7192270373059,424.9,False,False
2024-03-15 11:52:00+05:30,425.65,425.95,424.75,425.0,533410,424.78162102901575,424.875,False,False
2024-03-15 12:00:00+05:30,425.05,425.2,424.55,424.95,418345,424.8190385781234,425.0,False,True
2024-03-15 12:08:00+05:30,425.0,425.55,424.0,425.55,669775,424.98147444965156,425.11875,False,False
2024-03-15 12:16:00+05:30,425.55,426.0,424.85,424.9,1774828,424.9633690163957,425.25,False,True
2024-03-15 12:24:00+05:30,424.85,425.5,424.85,425.45,2196883,425.0715092349745,425.3125,False,False
2024-03-15 12:32:00+05:30,425.45,427.8,425.35,427.75,2349824,425.66672940498023,425.60625,False,False
2024-03-15 12:40:00+05:30,427.8,428.55,427.05,427.65,2320724,426.10745620387354,425.86875,False,False
2024-03-15 12:48:00+05:30,427.65,427.95,426.8,427.7,1032931,426.461354825235,426.11875,False,False
2024-03-15 12:56:00+05:30,427.7,428.3,427.25,428.1,1058582,426.825498197405,426.50625,False,False
2024-03-15 13:04:00+05:30,428.1,428.3,427.65,428.05,1322552,427.09760970909286,426.89375,False,False
2024-03-15 13:12:00+05:30,428.0,428.25,427.85,428.1,1095946,427.3203631070723,427.2125,False,False
2024-03-15 13:20:00+05:30,428.05,428.1,427.8,427.95,965058,427.46028241661185,427.59375,False,False
2024-03-15 13:28:00+05:30,427.95,428.05,426.85,427.95,1112659,427.5691085462537,427.90625,False,False
2024-03-15 13:36:00+05:30,428.0,428.0,425.6,426.25,617694,427.2759733137529,427.71875,False,True
2024-03-15 13:44:00+05:30,426.1,426.35,425.2,425.3,673367,426.83686813291894,427.425,False,False
2024-03-15 13:52:00+05:30,425.25,425.8,424.8,425.2,1321622,426.473119658937,427.1125,False,False
2024-03-15 14:00:00+05:30,425.25,426.5,425.15,426.25,819872,426.4235375125066,426.88125,False,False
2024-03-15 14:08:00+05:30,426.2,427.2,426.15,426.2,893194,426.3738625097274,426.65,False,False
2024-03-15 14:16:00+05:30,426.15,426.8,425.75,426.6,907371,426.42411528534365,426.46250000000003,False,False
2024-03-15 14:24:00+05:30,426.6,426.85,425.35,425.85,897507,426.29653411082285,426.2,False,True
2024-03-15 14:32:00+05:30,425.9,427.0,425.75,426.5,890492,426.34174875286226,426.01875,False,False
2024-03-15 14:40:00+05:30,426.45,427.3,426.3,426.75,959391,426.43247125222626,426.08125,False,False
2024-03-15 14:48:00+05:30,426.8,427.2,426.1,426.1,1110243,426.35858875173153,426.18125,False,True
2024-03-15 14:56:00+05:30,426.15,426.8,420.95,421.15,4030281,425.20112458468014,425.675,False,False
2024-03-15 15:04:00+05:30,421.1,421.15,418.0,419.8,8359503,424.0008746769735,424.86875000000003,False,False
2024-03-15 15:12:00+05:30,419.75,419.8,417.95,418.15,5585554,422.70068030431275,423.86249999999995,False,False
2024-03-15 15:20:00+05:30,418.15,418.25,415.25,416.25,7038147,421.26719579224334,422.56874999999997,False,False
2024-03-15 15:28:00+05:30,416.2,417.45,416.15,417.0,777844,420.31893006063376,421.4625,False,False
2024-03-18 09:12:00+05:30,419.0,419.9,417.65,419.8,613232,420.20361226938184,420.625,False,False
2024-03-18 09:20:00+05:30,419.75,420.7,418.55,418.85,521588,419.90280954285254,419.6375,False,False
2024-03-18 09:28:00+05:30,418.85,419.15,418.0,418.6,370227,419.6132963111076,418.70000000000005,False,False
2024-03-18 09:36:00+05:30,418.5,418.85,417.55,417.6,264081,419.16589713086154,418.25625,False,False
2024-03-18 09:44:00+05:30,417.6,418.15,417.25,417.6,321474,418.8179199906702,417.98125,False,False
2024-03-18 09:52:00+05:30,417.6,419.1,417.6,419.05,213345,418.86949332607685,418.09375000000006,False,False
2024-03-18 10:00:00+05:30,419.05,419.75,418.0,419.45,319406,418.9984948091709,418.49375000000003,False,False
2024-03-18 10:08:00+05:30,419.3,419.85,418.5,419.85,229825,419.18771818491075,418.85,False,False
2024-03-18 10:16:00+05:30,419.75,420.25,419.45,419.95,279846,419.35711414381956,418.86875000000003,False,False
2024-03-18 10:24:00+05:30,419.95,420.35,418.8,418.8,226714,419.2333110007486,418.8625,False,True
2024-03-18 10:32:00+05:30,418.95,419.15,418.0,418.15,254016,418.9925752228045,418.80625000000003,False,False
2024-03-18 10:40:00+05:30,418.15,419.05,418.1,418.8,207350,418.94978072884794,418.95625,False,False
2024-03-18 10:48:00+05:30,418.65,418.8,417.7,418.15,247516,418.7720516779929,419.025,False,False
2024-03-18 10:56:00+05:30,418.1,419.0,417.9,418.45,174424,418.700484638439,418.95,False,False
2024-03-18 11:04:00+05:30,418.45,418.65,417.7,418.25,166712,418.6003769410081,418.8,False,False
2024-03-18 11:12:00+05:30,418.25,418.7,417.65,418.5,281612,418.5780709541175,418.63125,False,False
2024-03-18 11:20:00+05:30,418.5,418.55,417.4,417.95,360345,418.43849963098035,418.38124999999997,False,False
2024-03-18 11:28:00+05:30,417.95,418.0,417.7,417.85,170498,418.30772193520704,418.2625,False,False
2024-03-18 11:36:00+05:30,417.85,418.6,417.55,417.9,253831,418.21711706071665,418.23125,False,False
2024-03-18 11:44:00+05:30,417.9,418.55,417.9,418.5,167152,418.279979936113,418.19374999999997,False,False
2024-03-18 11:52:00+05:30,418.5,419.05,418.3,418.9,266309,418.4177621725324,418.2875,False,False
2024-03-18 12:00:00+05:30,419.0,419.4,418.55,419.0,521849,418.54714835641414,418.35625,False,False
2024-03-18 12:08:00+05:30,419.05,419.05,418.65,418.8,250715,418.6033376105444,418.42499999999995,False,False
2024-03-18 12:16:00+05:30,418.8,419.2,418.5,419.0,229066,418.6914848082012,418.48749999999995,False,False
2024-03-18 12:24:00+05:30,419.05,419.3,418.8,419.15,248760,418.7933770730454,418.6375,False,False
2024-03-18 12:32:00+05:30,419.15,419.35,418.95,419.2,282368,418.88373772347984,418.80625000000003,False,False
2024-03-18 12:40:00+05:30,419.25,419.4,418.7,418.7,152858,418.84290711826213,418.90625,False,True
2024-03-18 12:48:00+05:30,418.75,418.8,418.3,418.45,194222,418.75559442531505,418.9,False,False
2024-03-18 12:56:00+05:30,418.5,418.95,418.35,418.75,182452,418.7543512196895,418.88124999999997,False,False
2024-03-18 13:04:00+05:30,418.7,418.75,418.2,418.55,253526,418.7089398375363,418.825,False,False
2024-03-18 13:12:00+05:30,418.55,418.55,417.65,418.1,369414,418.5736198736394,418.7375,False,False
2024-03-18 13:20:00+05:30,418.1,418.15,417.55,417.75,339648,418.39059323505296,418.58124999999995,False,False
2024-03-18 13:28:00+05:30,417.75,418.35,417.7,418.35,233049,418.3815725161524,418.48125000000005,False,False
2024-03-18 13:36:00+05:30,418.35,418.35,417.85,418.35,311013,418.3745564014519,418.375,False,False
2024-03-18 13:44:00+05:30,418.35,418.85,418.2,418.7,371835,418.4468772011293,418.375,False,False
2024-03-18 13:52:00+05:30,418.7,419.0,418.25,418.8,381022,418.5253489342117,418.41875000000005,False,False
2024-03-18 14:00:00+05:30,418.8,418.9,418.2,418.35,368846,418.486382504387,418.36875000000003,False,True
2024-03-18 14:08:00+05:30,418.35,418.35,417.95,418.05,427999,418.38940861452323,418.30625000000003,False,False
2024-03-18 14:16:00+05:30,418.05,419.0,418.0,418.65,570960,418.44731781129593,418.375,False,False
2024-03-18 14:24:00+05:30,418.65,418.75,418.3,418.65,318795,418.4923582976747,418.4875,False,False
2024-03-18 14:32:00+05:30,418.65,419.4,418.55,419.15,320321,418.63850089819147,418.58750000000003,False,False
2024-03-18 14:40:00+05:30,419.15,419.25,418.6,418.7,280438,418.6521673652601,418.63124999999997,False,False
2024-03-18 14:48:00+05:30,418.7,419.05,418.3,418.5,371629,418.61835239520235,418.60625,False,True
2024-03-18 14:56:00+05:30,418.5,418.75,417.95,418.15,453817,418.51427408515735,418.525,False,False
2024-03-18 15:04:00+05:30,418.15,418.15,416.9,417.45,708983,418.2777687329002,418.41249999999997,False,False
2024-03-18 15:12:00+05:30,417.45,417.75,417.05,417.1,781676,418.0160423478113,418.29375,False,False
2024-03-18 15:20:00+05:30,417.15,417.7,417.05,417.5,837549,417.90136627052,418.15000000000003,False,False
2024-03-18 15:28:00+05:30,417.5,417.6,417.0,417.6,163291,417.8343959881823,418.01875,False,False
